N,executable,kernel,impl,elapsed,mflops,result,row_block
13,Rgemm_gmp_C_native_openmp_02,02,C_native_openmp_02,0.00373485,1.26698,OK,
13,Rgemm_gmp_C_native_openmp_04,04,C_native_openmp_04,0.0032247,1.46742,OK,
13,Rgemm_gmp_C_native_openmp_05,05,C_native_openmp_05,0.00370989,1.27551,OK,
13,Rgemm_gmp_C_native_openmp_06,06,C_native_openmp_06,0.00392987,1.20411,OK,13
13,Rgemm_gmp_kernel_openmp_02_orig,02,kernel_openmp_02_orig,0.00306586,1.54345,OK,
13,Rgemm_gmp_kernel_openmp_02_mkII,02,kernel_openmp_02_mkII,0.00269751,1.75421,OK,
13,Rgemm_gmp_kernel_openmp_04_orig,04,kernel_openmp_04_orig,0.00361126,1.31035,OK,
13,Rgemm_gmp_kernel_openmp_04_mkII,04,kernel_openmp_04_mkII,0.00348037,1.35963,OK,
13,Rgemm_gmp_kernel_openmp_05_orig,05,kernel_openmp_05_orig,0.00355929,1.32948,OK,
13,Rgemm_gmp_kernel_openmp_05_mkII,05,kernel_openmp_05_mkII,0.00345635,1.36907,OK,
13,Rgemm_gmp_kernel_openmp_06_orig,06,kernel_openmp_06_orig,0.00362512,1.30534,OK,13
13,Rgemm_gmp_kernel_openmp_06_mkII,06,kernel_openmp_06_mkII,0.00368699,1.28343,OK,13
44,Rgemm_gmp_C_native_openmp_02,02,C_native_openmp_02,0.00378621,46.0196,OK,
44,Rgemm_gmp_C_native_openmp_04,04,C_native_openmp_04,0.00442982,39.3334,OK,
44,Rgemm_gmp_C_native_openmp_05,05,C_native_openmp_05,0.00476113,36.5964,OK,
44,Rgemm_gmp_C_native_openmp_06,06,C_native_openmp_06,0.00464912,37.4781,OK,44
44,Rgemm_gmp_kernel_openmp_02_orig,02,kernel_openmp_02_orig,0.00426345,40.8683,OK,
44,Rgemm_gmp_kernel_openmp_02_mkII,02,kernel_openmp_02_mkII,0.00422864,41.2047,OK,
44,Rgemm_gmp_kernel_openmp_04_orig,04,kernel_openmp_04_orig,0.00333014,52.3221,OK,
44,Rgemm_gmp_kernel_openmp_04_mkII,04,kernel_openmp_04_mkII,0.00375921,46.3502,OK,
44,Rgemm_gmp_kernel_openmp_05_orig,05,kernel_openmp_05_orig,0.00488974,35.6338,OK,
44,Rgemm_gmp_kernel_openmp_05_mkII,05,kernel_openmp_05_mkII,0.00466742,37.3311,OK,
44,Rgemm_gmp_kernel_openmp_06_orig,06,kernel_openmp_06_orig,0.00451348,38.6044,OK,44
44,Rgemm_gmp_kernel_openmp_06_mkII,06,kernel_openmp_06_mkII,0.00467093,37.3031,OK,44
75,Rgemm_gmp_C_native_openmp_02,02,C_native_openmp_02,0.00505334,169.195,OK,
75,Rgemm_gmp_C_native_openmp_04,04,C_native_openmp_04,0.00574515,148.821,OK,
75,Rgemm_gmp_C_native_openmp_05,05,C_native_openmp_05,0.00646146,132.323,OK,
75,Rgemm_gmp_C_native_openmp_06,06,C_native_openmp_06,0.00630715,135.56,OK,75
75,Rgemm_gmp_kernel_openmp_02_orig,02,kernel_openmp_02_orig,0.0053477,159.882,OK,
75,Rgemm_gmp_kernel_openmp_02_mkII,02,kernel_openmp_02_mkII,0.00572917,149.236,OK,
75,Rgemm_gmp_kernel_openmp_04_orig,04,kernel_openmp_04_orig,0.0076577,111.652,OK,
75,Rgemm_gmp_kernel_openmp_04_mkII,04,kernel_openmp_04_mkII,0.00613293,139.411,OK,
75,Rgemm_gmp_kernel_openmp_05_orig,05,kernel_openmp_05_orig,0.00643619,132.843,OK,
75,Rgemm_gmp_kernel_openmp_05_mkII,05,kernel_openmp_05_mkII,0.00643162,132.937,OK,
75,Rgemm_gmp_kernel_openmp_06_orig,06,kernel_openmp_06_orig,0.00690668,123.793,OK,75
75,Rgemm_gmp_kernel_openmp_06_mkII,06,kernel_openmp_06_mkII,0.00607285,140.791,OK,75
106,Rgemm_gmp_C_native_openmp_02,02,C_native_openmp_02,0.00829944,289.719,OK,
106,Rgemm_gmp_C_native_openmp_04,04,C_native_openmp_04,0.00863234,278.546,OK,
106,Rgemm_gmp_C_native_openmp_05,05,C_native_openmp_05,0.00895608,268.477,OK,
106,Rgemm_gmp_C_native_openmp_06,06,C_native_openmp_06,0.00935613,256.998,OK,106
106,Rgemm_gmp_kernel_openmp_02_orig,02,kernel_openmp_02_orig,0.00904898,265.721,OK,
106,Rgemm_gmp_kernel_openmp_02_mkII,02,kernel_openmp_02_mkII,0.00963491,249.562,OK,
106,Rgemm_gmp_kernel_openmp_04_orig,04,kernel_openmp_04_orig,0.00876132,274.445,OK,
106,Rgemm_gmp_kernel_openmp_04_mkII,04,kernel_openmp_04_mkII,0.00953843,252.086,OK,
106,Rgemm_gmp_kernel_openmp_05_orig,05,kernel_openmp_05_orig,0.0093859,256.183,OK,
106,Rgemm_gmp_kernel_openmp_05_mkII,05,kernel_openmp_05_mkII,0.00967213,248.601,OK,
106,Rgemm_gmp_kernel_openmp_06_orig,06,kernel_openmp_06_orig,0.00962928,249.708,OK,106
106,Rgemm_gmp_kernel_openmp_06_mkII,06,kernel_openmp_06_mkII,0.00944173,254.668,OK,106
128,Rgemm_gmp_C_native_openmp_02,02,C_native_openmp_02,0.0111966,377.533,OK,
128,Rgemm_gmp_C_native_openmp_04,04,C_native_openmp_04,0.0120951,349.486,OK,
128,Rgemm_gmp_C_native_openmp_05,05,C_native_openmp_05,0.0118566,356.517,OK,
128,Rgemm_gmp_C_native_openmp_06,06,C_native_openmp_06,0.0113905,371.105,OK,128
128,Rgemm_gmp_kernel_openmp_02_orig,02,kernel_openmp_02_orig,0.0106106,398.381,OK,
128,Rgemm_gmp_kernel_openmp_02_mkII,02,kernel_openmp_02_mkII,0.0105867,399.283,OK,
128,Rgemm_gmp_kernel_openmp_04_orig,04,kernel_openmp_04_orig,0.0123267,342.919,OK,
128,Rgemm_gmp_kernel_openmp_04_mkII,04,kernel_openmp_04_mkII,0.0124959,338.277,OK,
128,Rgemm_gmp_kernel_openmp_05_orig,05,kernel_openmp_05_orig,0.0112492,375.765,OK,
128,Rgemm_gmp_kernel_openmp_05_mkII,05,kernel_openmp_05_mkII,0.0110737,381.72,OK,
128,Rgemm_gmp_kernel_openmp_06_orig,06,kernel_openmp_06_orig,0.0111401,379.448,OK,128
128,Rgemm_gmp_kernel_openmp_06_mkII,06,kernel_openmp_06_mkII,0.011259,375.44,OK,128
137,Rgemm_gmp_C_native_openmp_02,02,C_native_openmp_02,0.0121952,424.778,OK,
137,Rgemm_gmp_C_native_openmp_04,04,C_native_openmp_04,0.0112918,458.76,OK,
137,Rgemm_gmp_C_native_openmp_05,05,C_native_openmp_05,0.0164317,315.258,OK,
137,Rgemm_gmp_C_native_openmp_06,06,C_native_openmp_06,0.0158057,327.746,OK,137
137,Rgemm_gmp_kernel_openmp_02_orig,02,kernel_openmp_02_orig,0.0132251,391.698,OK,
137,Rgemm_gmp_kernel_openmp_02_mkII,02,kernel_openmp_02_mkII,0.0141902,365.058,OK,
137,Rgemm_gmp_kernel_openmp_04_orig,04,kernel_openmp_04_orig,0.0145033,357.176,OK,
137,Rgemm_gmp_kernel_openmp_04_mkII,04,kernel_openmp_04_mkII,0.0130284,397.613,OK,
137,Rgemm_gmp_kernel_openmp_05_orig,05,kernel_openmp_05_orig,0.0153766,336.891,OK,
137,Rgemm_gmp_kernel_openmp_05_mkII,05,kernel_openmp_05_mkII,0.0167599,309.086,OK,
137,Rgemm_gmp_kernel_openmp_06_orig,06,kernel_openmp_06_orig,0.0184469,280.819,OK,137
137,Rgemm_gmp_kernel_openmp_06_mkII,06,kernel_openmp_06_mkII,0.0136347,379.931,OK,137
168,Rgemm_gmp_C_native_openmp_02,02,C_native_openmp_02,0.0162003,588.859,OK,
168,Rgemm_gmp_C_native_openmp_04,04,C_native_openmp_04,0.0194159,491.334,OK,
168,Rgemm_gmp_C_native_openmp_05,05,C_native_openmp_05,0.0240701,396.331,OK,
168,Rgemm_gmp_C_native_openmp_06,06,C_native_openmp_06,0.0211295,451.488,OK,168
168,Rgemm_gmp_kernel_openmp_02_orig,02,kernel_openmp_02_orig,0.0191609,497.874,OK,
168,Rgemm_gmp_kernel_openmp_02_mkII,02,kernel_openmp_02_mkII,0.019473,489.894,OK,
168,Rgemm_gmp_kernel_openmp_04_orig,04,kernel_openmp_04_orig,0.0183905,518.73,OK,
168,Rgemm_gmp_kernel_openmp_04_mkII,04,kernel_openmp_04_mkII,0.0215918,441.82,OK,
168,Rgemm_gmp_kernel_openmp_05_orig,05,kernel_openmp_05_orig,0.0226283,421.583,OK,
168,Rgemm_gmp_kernel_openmp_05_mkII,05,kernel_openmp_05_mkII,0.021474,444.244,OK,
168,Rgemm_gmp_kernel_openmp_06_orig,06,kernel_openmp_06_orig,0.0209605,455.127,OK,168
168,Rgemm_gmp_kernel_openmp_06_mkII,06,kernel_openmp_06_mkII,0.0209873,454.546,OK,168
199,Rgemm_gmp_C_native_openmp_02,02,C_native_openmp_02,0.024356,650.37,OK,
199,Rgemm_gmp_C_native_openmp_04,04,C_native_openmp_04,0.0269014,588.832,OK,
199,Rgemm_gmp_C_native_openmp_05,05,C_native_openmp_05,0.0274321,577.439,OK,
199,Rgemm_gmp_C_native_openmp_06,06,C_native_openmp_06,0.0269844,587.021,OK,199
199,Rgemm_gmp_kernel_openmp_02_orig,02,kernel_openmp_02_orig,0.0268313,590.37,OK,
199,Rgemm_gmp_kernel_openmp_02_mkII,02,kernel_openmp_02_mkII,0.0260994,606.925,OK,
199,Rgemm_gmp_kernel_openmp_04_orig,04,kernel_openmp_04_orig,0.0290033,546.158,OK,
199,Rgemm_gmp_kernel_openmp_04_mkII,04,kernel_openmp_04_mkII,0.0293875,539.019,OK,
199,Rgemm_gmp_kernel_openmp_05_orig,05,kernel_openmp_05_orig,0.0281287,563.141,OK,
199,Rgemm_gmp_kernel_openmp_05_mkII,05,kernel_openmp_05_mkII,0.030238,523.857,OK,
199,Rgemm_gmp_kernel_openmp_06_orig,06,kernel_openmp_06_orig,0.0298558,530.564,OK,199
199,Rgemm_gmp_kernel_openmp_06_mkII,06,kernel_openmp_06_mkII,0.029071,544.887,OK,199
230,Rgemm_gmp_C_native_openmp_02,02,C_native_openmp_02,0.0342228,714.138,OK,
230,Rgemm_gmp_C_native_openmp_04,04,C_native_openmp_04,0.0381676,640.329,OK,
230,Rgemm_gmp_C_native_openmp_05,05,C_native_openmp_05,0.0356028,686.457,OK,
230,Rgemm_gmp_C_native_openmp_06,06,C_native_openmp_06,0.0362717,673.798,OK,230
230,Rgemm_gmp_kernel_openmp_02_orig,02,kernel_openmp_02_orig,0.0394903,618.881,OK,
230,Rgemm_gmp_kernel_openmp_02_mkII,02,kernel_openmp_02_mkII,0.0387315,631.006,OK,
230,Rgemm_gmp_kernel_openmp_04_orig,04,kernel_openmp_04_orig,0.0417401,585.523,OK,
230,Rgemm_gmp_kernel_openmp_04_mkII,04,kernel_openmp_04_mkII,0.0447034,546.71,OK,
230,Rgemm_gmp_kernel_openmp_05_orig,05,kernel_openmp_05_orig,0.0380562,642.204,OK,
230,Rgemm_gmp_kernel_openmp_05_mkII,05,kernel_openmp_05_mkII,0.0373707,653.983,OK,
230,Rgemm_gmp_kernel_openmp_06_orig,06,kernel_openmp_06_orig,0.0366826,666.25,OK,230
230,Rgemm_gmp_kernel_openmp_06_mkII,06,kernel_openmp_06_mkII,0.0369149,662.058,OK,230
256,Rgemm_gmp_C_native_openmp_02,02,C_native_openmp_02,0.0473191,711.88,OK,
256,Rgemm_gmp_C_native_openmp_04,04,C_native_openmp_04,0.0507755,663.421,OK,
256,Rgemm_gmp_C_native_openmp_05,05,C_native_openmp_05,0.0442523,761.215,OK,
256,Rgemm_gmp_C_native_openmp_06,06,C_native_openmp_06,0.043608,772.462,OK,256
256,Rgemm_gmp_kernel_openmp_02_orig,02,kernel_openmp_02_orig,0.055619,605.647,OK,
256,Rgemm_gmp_kernel_openmp_02_mkII,02,kernel_openmp_02_mkII,0.0475713,708.105,OK,
256,Rgemm_gmp_kernel_openmp_04_orig,04,kernel_openmp_04_orig,0.0637677,528.253,OK,
256,Rgemm_gmp_kernel_openmp_04_mkII,04,kernel_openmp_04_mkII,0.0585483,575.345,OK,
256,Rgemm_gmp_kernel_openmp_05_orig,05,kernel_openmp_05_orig,0.0460567,731.392,OK,
256,Rgemm_gmp_kernel_openmp_05_mkII,05,kernel_openmp_05_mkII,0.0444003,758.678,OK,
256,Rgemm_gmp_kernel_openmp_06_orig,06,kernel_openmp_06_orig,0.0452605,744.259,OK,256
256,Rgemm_gmp_kernel_openmp_06_mkII,06,kernel_openmp_06_mkII,0.0448984,750.26,OK,256
261,Rgemm_gmp_C_native_openmp_02,02,C_native_openmp_02,0.0455582,783.512,OK,
261,Rgemm_gmp_C_native_openmp_04,04,C_native_openmp_04,0.0564654,632.164,OK,
261,Rgemm_gmp_C_native_openmp_05,05,C_native_openmp_05,0.0612419,582.859,OK,
261,Rgemm_gmp_C_native_openmp_06,06,C_native_openmp_06,0.0589661,605.354,OK,256
261,Rgemm_gmp_kernel_openmp_02_orig,02,kernel_openmp_02_orig,0.054803,651.34,OK,
261,Rgemm_gmp_kernel_openmp_02_mkII,02,kernel_openmp_02_mkII,0.0512553,696.423,OK,
261,Rgemm_gmp_kernel_openmp_04_orig,04,kernel_openmp_04_orig,0.057306,622.892,OK,
261,Rgemm_gmp_kernel_openmp_04_mkII,04,kernel_openmp_04_mkII,0.0619794,575.924,OK,
261,Rgemm_gmp_kernel_openmp_05_orig,05,kernel_openmp_05_orig,0.0643623,554.601,OK,
261,Rgemm_gmp_kernel_openmp_05_mkII,05,kernel_openmp_05_mkII,0.0648777,550.196,OK,
261,Rgemm_gmp_kernel_openmp_06_orig,06,kernel_openmp_06_orig,0.0653748,546.012,OK,256
261,Rgemm_gmp_kernel_openmp_06_mkII,06,kernel_openmp_06_mkII,0.0637511,559.918,OK,256
292,Rgemm_gmp_C_native_openmp_02,02,C_native_openmp_02,0.0600091,832.619,OK,
292,Rgemm_gmp_C_native_openmp_04,04,C_native_openmp_04,0.0732615,682.005,OK,
292,Rgemm_gmp_C_native_openmp_05,05,C_native_openmp_05,0.0777183,642.895,OK,
292,Rgemm_gmp_C_native_openmp_06,06,C_native_openmp_06,0.0735192,679.615,OK,256
292,Rgemm_gmp_kernel_openmp_02_orig,02,kernel_openmp_02_orig,0.0740368,674.863,OK,
292,Rgemm_gmp_kernel_openmp_02_mkII,02,kernel_openmp_02_mkII,0.0741127,674.172,OK,
292,Rgemm_gmp_kernel_openmp_04_orig,04,kernel_openmp_04_orig,0.0750418,665.825,OK,
292,Rgemm_gmp_kernel_openmp_04_mkII,04,kernel_openmp_04_mkII,0.0851431,586.832,OK,
292,Rgemm_gmp_kernel_openmp_05_orig,05,kernel_openmp_05_orig,0.0822195,607.699,OK,
292,Rgemm_gmp_kernel_openmp_05_mkII,05,kernel_openmp_05_mkII,0.0829839,602.101,OK,
292,Rgemm_gmp_kernel_openmp_06_orig,06,kernel_openmp_06_orig,0.0785872,635.787,OK,256
292,Rgemm_gmp_kernel_openmp_06_mkII,06,kernel_openmp_06_mkII,0.0777957,642.255,OK,256
323,Rgemm_gmp_C_native_openmp_02,02,C_native_openmp_02,0.0891982,757.921,OK,
323,Rgemm_gmp_C_native_openmp_04,04,C_native_openmp_04,0.0971974,695.545,OK,
323,Rgemm_gmp_C_native_openmp_05,05,C_native_openmp_05,0.092103,734.017,OK,
323,Rgemm_gmp_C_native_openmp_06,06,C_native_openmp_06,0.0922551,732.807,OK,256
323,Rgemm_gmp_kernel_openmp_02_orig,02,kernel_openmp_02_orig,0.0994301,679.927,OK,
323,Rgemm_gmp_kernel_openmp_02_mkII,02,kernel_openmp_02_mkII,0.0943031,716.893,OK,
323,Rgemm_gmp_kernel_openmp_04_orig,04,kernel_openmp_04_orig,0.10198,662.925,OK,
323,Rgemm_gmp_kernel_openmp_04_mkII,04,kernel_openmp_04_mkII,0.111106,608.475,OK,
323,Rgemm_gmp_kernel_openmp_05_orig,05,kernel_openmp_05_orig,0.0977413,691.675,OK,
323,Rgemm_gmp_kernel_openmp_05_mkII,05,kernel_openmp_05_mkII,0.100264,674.275,OK,
323,Rgemm_gmp_kernel_openmp_06_orig,06,kernel_openmp_06_orig,0.0970885,696.325,OK,256
323,Rgemm_gmp_kernel_openmp_06_mkII,06,kernel_openmp_06_mkII,0.097849,690.913,OK,256
354,Rgemm_gmp_C_native_openmp_02,02,C_native_openmp_02,0.110789,803.099,OK,
354,Rgemm_gmp_C_native_openmp_04,04,C_native_openmp_04,0.124744,713.253,OK,
354,Rgemm_gmp_C_native_openmp_05,05,C_native_openmp_05,0.11666,762.678,OK,
354,Rgemm_gmp_C_native_openmp_06,06,C_native_openmp_06,0.117502,757.217,OK,256
354,Rgemm_gmp_kernel_openmp_02_orig,02,kernel_openmp_02_orig,0.12182,730.376,OK,
354,Rgemm_gmp_kernel_openmp_02_mkII,02,kernel_openmp_02_mkII,0.122727,724.981,OK,
354,Rgemm_gmp_kernel_openmp_04_orig,04,kernel_openmp_04_orig,0.133147,668.244,OK,
354,Rgemm_gmp_kernel_openmp_04_mkII,04,kernel_openmp_04_mkII,0.146179,608.666,OK,
354,Rgemm_gmp_kernel_openmp_05_orig,05,kernel_openmp_05_orig,0.118404,751.444,OK,
354,Rgemm_gmp_kernel_openmp_05_mkII,05,kernel_openmp_05_mkII,0.119815,742.595,OK,
354,Rgemm_gmp_kernel_openmp_06_orig,06,kernel_openmp_06_orig,0.119493,744.597,OK,256
354,Rgemm_gmp_kernel_openmp_06_mkII,06,kernel_openmp_06_mkII,0.117825,755.143,OK,256
385,Rgemm_gmp_C_native_openmp_02,02,C_native_openmp_02,0.14878,769.122,OK,
385,Rgemm_gmp_C_native_openmp_04,04,C_native_openmp_04,0.158902,720.13,OK,
385,Rgemm_gmp_C_native_openmp_05,05,C_native_openmp_05,0.170347,671.745,OK,
385,Rgemm_gmp_C_native_openmp_06,06,C_native_openmp_06,0.157206,727.895,OK,256
385,Rgemm_gmp_kernel_openmp_02_orig,02,kernel_openmp_02_orig,0.157328,727.331,OK,
385,Rgemm_gmp_kernel_openmp_02_mkII,02,kernel_openmp_02_mkII,0.158944,719.938,OK,
385,Rgemm_gmp_kernel_openmp_04_orig,04,kernel_openmp_04_orig,0.172854,662.003,OK,
385,Rgemm_gmp_kernel_openmp_04_mkII,04,kernel_openmp_04_mkII,0.181929,628.981,OK,
385,Rgemm_gmp_kernel_openmp_05_orig,05,kernel_openmp_05_orig,0.178307,641.758,OK,
385,Rgemm_gmp_kernel_openmp_05_mkII,05,kernel_openmp_05_mkII,0.183925,622.154,OK,
385,Rgemm_gmp_kernel_openmp_06_orig,06,kernel_openmp_06_orig,0.166297,688.105,OK,256
385,Rgemm_gmp_kernel_openmp_06_mkII,06,kernel_openmp_06_mkII,0.165394,691.86,OK,256
416,Rgemm_gmp_C_native_openmp_02,02,C_native_openmp_02,0.188056,767.478,OK,
416,Rgemm_gmp_C_native_openmp_04,04,C_native_openmp_04,0.199903,721.995,OK,
416,Rgemm_gmp_C_native_openmp_05,05,C_native_openmp_05,0.20034,720.418,OK,
416,Rgemm_gmp_C_native_openmp_06,06,C_native_openmp_06,0.182046,792.814,OK,256
416,Rgemm_gmp_kernel_openmp_02_orig,02,kernel_openmp_02_orig,0.187892,768.146,OK,
416,Rgemm_gmp_kernel_openmp_02_mkII,02,kernel_openmp_02_mkII,0.18752,769.672,OK,
416,Rgemm_gmp_kernel_openmp_04_orig,04,kernel_openmp_04_orig,0.213449,676.175,OK,
416,Rgemm_gmp_kernel_openmp_04_mkII,04,kernel_openmp_04_mkII,0.229903,627.78,OK,
416,Rgemm_gmp_kernel_openmp_05_orig,05,kernel_openmp_05_orig,0.212157,680.292,OK,
416,Rgemm_gmp_kernel_openmp_05_mkII,05,kernel_openmp_05_mkII,0.216092,667.904,OK,
416,Rgemm_gmp_kernel_openmp_06_orig,06,kernel_openmp_06_orig,0.194205,743.177,OK,256
416,Rgemm_gmp_kernel_openmp_06_mkII,06,kernel_openmp_06_mkII,0.192124,751.228,OK,256
447,Rgemm_gmp_C_native_openmp_02,02,C_native_openmp_02,0.251075,713.049,OK,
447,Rgemm_gmp_C_native_openmp_04,04,C_native_openmp_04,0.243422,735.468,OK,
447,Rgemm_gmp_C_native_openmp_05,05,C_native_openmp_05,0.232037,771.554,OK,
447,Rgemm_gmp_C_native_openmp_06,06,C_native_openmp_06,0.208493,858.682,OK,256
447,Rgemm_gmp_kernel_openmp_02_orig,02,kernel_openmp_02_orig,0.230261,777.503,OK,
447,Rgemm_gmp_kernel_openmp_02_mkII,02,kernel_openmp_02_mkII,0.230006,778.365,OK,
447,Rgemm_gmp_kernel_openmp_04_orig,04,kernel_openmp_04_orig,0.284041,630.292,OK,
447,Rgemm_gmp_kernel_openmp_04_mkII,04,kernel_openmp_04_mkII,0.294111,608.711,OK,
447,Rgemm_gmp_kernel_openmp_05_orig,05,kernel_openmp_05_orig,0.275995,648.668,OK,
447,Rgemm_gmp_kernel_openmp_05_mkII,05,kernel_openmp_05_mkII,0.249004,718.98,OK,
447,Rgemm_gmp_kernel_openmp_06_orig,06,kernel_openmp_06_orig,0.220788,810.862,OK,256
447,Rgemm_gmp_kernel_openmp_06_mkII,06,kernel_openmp_06_mkII,0.220104,813.383,OK,256
478,Rgemm_gmp_C_native_openmp_02,02,C_native_openmp_02,0.345901,632.805,OK,
478,Rgemm_gmp_C_native_openmp_04,04,C_native_openmp_04,0.308418,709.71,OK,
478,Rgemm_gmp_C_native_openmp_05,05,C_native_openmp_05,0.265874,823.277,OK,
478,Rgemm_gmp_C_native_openmp_06,06,C_native_openmp_06,0.264164,828.607,OK,256
478,Rgemm_gmp_kernel_openmp_02_orig,02,kernel_openmp_02_orig,0.284595,769.12,OK,
478,Rgemm_gmp_kernel_openmp_02_mkII,02,kernel_openmp_02_mkII,0.286749,763.342,OK,
478,Rgemm_gmp_kernel_openmp_04_orig,04,kernel_openmp_04_orig,0.322721,678.257,OK,
478,Rgemm_gmp_kernel_openmp_04_mkII,04,kernel_openmp_04_mkII,0.351287,623.103,OK,
478,Rgemm_gmp_kernel_openmp_05_orig,05,kernel_openmp_05_orig,0.280468,780.438,OK,
478,Rgemm_gmp_kernel_openmp_05_mkII,05,kernel_openmp_05_mkII,0.327802,667.743,OK,
478,Rgemm_gmp_kernel_openmp_06_orig,06,kernel_openmp_06_orig,0.279489,783.17,OK,256
478,Rgemm_gmp_kernel_openmp_06_mkII,06,kernel_openmp_06_mkII,0.279738,782.473,OK,256
509,Rgemm_gmp_C_native_openmp_02,02,C_native_openmp_02,0.379293,696.724,OK,
509,Rgemm_gmp_C_native_openmp_04,04,C_native_openmp_04,0.363923,726.15,OK,
509,Rgemm_gmp_C_native_openmp_05,05,C_native_openmp_05,0.302954,872.285,OK,
509,Rgemm_gmp_C_native_openmp_06,06,C_native_openmp_06,0.301501,876.489,OK,256
509,Rgemm_gmp_kernel_openmp_02_orig,02,kernel_openmp_02_orig,0.345338,765.228,OK,
509,Rgemm_gmp_kernel_openmp_02_mkII,02,kernel_openmp_02_mkII,0.351738,751.305,OK,
509,Rgemm_gmp_kernel_openmp_04_orig,04,kernel_openmp_04_orig,0.384146,687.922,OK,
509,Rgemm_gmp_kernel_openmp_04_mkII,04,kernel_openmp_04_mkII,0.414815,637.062,OK,
509,Rgemm_gmp_kernel_openmp_05_orig,05,kernel_openmp_05_orig,0.315981,836.324,OK,
509,Rgemm_gmp_kernel_openmp_05_mkII,05,kernel_openmp_05_mkII,0.325799,811.121,OK,
509,Rgemm_gmp_kernel_openmp_06_orig,06,kernel_openmp_06_orig,0.320723,823.96,OK,256
509,Rgemm_gmp_kernel_openmp_06_mkII,06,kernel_openmp_06_mkII,0.314905,839.183,OK,256
512,Rgemm_gmp_C_native_openmp_02,02,C_native_openmp_02,0.408277,658.768,OK,
512,Rgemm_gmp_C_native_openmp_04,04,C_native_openmp_04,0.365688,735.49,OK,
512,Rgemm_gmp_C_native_openmp_05,05,C_native_openmp_05,0.309411,869.265,OK,
512,Rgemm_gmp_C_native_openmp_06,06,C_native_openmp_06,0.307423,874.884,OK,256
512,Rgemm_gmp_kernel_openmp_02_orig,02,kernel_openmp_02_orig,0.344181,781.449,OK,
512,Rgemm_gmp_kernel_openmp_02_mkII,02,kernel_openmp_02_mkII,0.34983,768.829,OK,
512,Rgemm_gmp_kernel_openmp_04_orig,04,kernel_openmp_04_orig,0.388933,691.532,OK,
512,Rgemm_gmp_kernel_openmp_04_mkII,04,kernel_openmp_04_mkII,0.420461,639.678,OK,
512,Rgemm_gmp_kernel_openmp_05_orig,05,kernel_openmp_05_orig,0.323767,830.721,OK,
512,Rgemm_gmp_kernel_openmp_05_mkII,05,kernel_openmp_05_mkII,0.331599,811.099,OK,
512,Rgemm_gmp_kernel_openmp_06_orig,06,kernel_openmp_06_orig,0.327191,822.028,OK,256
512,Rgemm_gmp_kernel_openmp_06_mkII,06,kernel_openmp_06_mkII,0.323642,831.041,OK,256
540,Rgemm_gmp_C_native_openmp_02,02,C_native_openmp_02,0.440454,716.332,OK,
540,Rgemm_gmp_C_native_openmp_04,04,C_native_openmp_04,0.436371,723.034,OK,
540,Rgemm_gmp_C_native_openmp_05,05,C_native_openmp_05,0.424304,743.598,OK,
540,Rgemm_gmp_C_native_openmp_06,06,C_native_openmp_06,0.379628,831.107,OK,256
540,Rgemm_gmp_kernel_openmp_02_orig,02,kernel_openmp_02_orig,0.403524,781.89,OK,
540,Rgemm_gmp_kernel_openmp_02_mkII,02,kernel_openmp_02_mkII,0.404716,779.587,OK,
540,Rgemm_gmp_kernel_openmp_04_orig,04,kernel_openmp_04_orig,0.453665,695.471,OK,
540,Rgemm_gmp_kernel_openmp_04_mkII,04,kernel_openmp_04_mkII,0.49924,631.983,OK,
540,Rgemm_gmp_kernel_openmp_05_orig,05,kernel_openmp_05_orig,0.458315,688.416,OK,
540,Rgemm_gmp_kernel_openmp_05_mkII,05,kernel_openmp_05_mkII,0.450624,700.166,OK,
540,Rgemm_gmp_kernel_openmp_06_orig,06,kernel_openmp_06_orig,0.401216,786.386,OK,256
540,Rgemm_gmp_kernel_openmp_06_mkII,06,kernel_openmp_06_mkII,0.397011,794.717,OK,256
571,Rgemm_gmp_C_native_openmp_02,02,C_native_openmp_02,0.56715,657.659,OK,
571,Rgemm_gmp_C_native_openmp_04,04,C_native_openmp_04,0.518693,719.097,OK,
571,Rgemm_gmp_C_native_openmp_05,05,C_native_openmp_05,0.476518,782.743,OK,
571,Rgemm_gmp_C_native_openmp_06,06,C_native_openmp_06,0.465863,800.645,OK,256
571,Rgemm_gmp_kernel_openmp_02_orig,02,kernel_openmp_02_orig,0.48337,771.647,OK,
571,Rgemm_gmp_kernel_openmp_02_mkII,02,kernel_openmp_02_mkII,0.477439,781.232,OK,
571,Rgemm_gmp_kernel_openmp_04_orig,04,kernel_openmp_04_orig,0.54263,687.376,OK,
571,Rgemm_gmp_kernel_openmp_04_mkII,04,kernel_openmp_04_mkII,0.587648,634.718,OK,
571,Rgemm_gmp_kernel_openmp_05_orig,05,kernel_openmp_05_orig,0.495151,753.287,OK,
571,Rgemm_gmp_kernel_openmp_05_mkII,05,kernel_openmp_05_mkII,0.505477,737.899,OK,
571,Rgemm_gmp_kernel_openmp_06_orig,06,kernel_openmp_06_orig,0.486691,766.382,OK,256
571,Rgemm_gmp_kernel_openmp_06_mkII,06,kernel_openmp_06_mkII,0.483863,770.861,OK,256
602,Rgemm_gmp_C_native_openmp_02,02,C_native_openmp_02,0.676005,646.533,OK,
602,Rgemm_gmp_C_native_openmp_04,04,C_native_openmp_04,0.602056,725.945,OK,
602,Rgemm_gmp_C_native_openmp_05,05,C_native_openmp_05,0.5692,767.848,OK,
602,Rgemm_gmp_C_native_openmp_06,06,C_native_openmp_06,0.524078,833.959,OK,256
602,Rgemm_gmp_kernel_openmp_02_orig,02,kernel_openmp_02_orig,0.560613,779.609,OK,
602,Rgemm_gmp_kernel_openmp_02_mkII,02,kernel_openmp_02_mkII,0.567613,769.995,OK,
602,Rgemm_gmp_kernel_openmp_04_orig,04,kernel_openmp_04_orig,0.634865,688.428,OK,
602,Rgemm_gmp_kernel_openmp_04_mkII,04,kernel_openmp_04_mkII,0.685533,637.547,OK,
602,Rgemm_gmp_kernel_openmp_05_orig,05,kernel_openmp_05_orig,0.551801,792.06,OK,
602,Rgemm_gmp_kernel_openmp_05_mkII,05,kernel_openmp_05_mkII,0.563161,776.082,OK,
602,Rgemm_gmp_kernel_openmp_06_orig,06,kernel_openmp_06_orig,0.552576,790.949,OK,256
602,Rgemm_gmp_kernel_openmp_06_mkII,06,kernel_openmp_06_mkII,0.557358,784.163,OK,256
633,Rgemm_gmp_C_native_openmp_02,02,C_native_openmp_02,0.801077,634.238,OK,
633,Rgemm_gmp_C_native_openmp_04,04,C_native_openmp_04,0.698065,727.832,OK,
633,Rgemm_gmp_C_native_openmp_05,05,C_native_openmp_05,0.583392,870.896,OK,
633,Rgemm_gmp_C_native_openmp_06,06,C_native_openmp_06,0.576995,880.551,OK,256
633,Rgemm_gmp_kernel_openmp_02_orig,02,kernel_openmp_02_orig,0.650905,780.565,OK,
633,Rgemm_gmp_kernel_openmp_02_mkII,02,kernel_openmp_02_mkII,0.661633,767.908,OK,
633,Rgemm_gmp_kernel_openmp_04_orig,04,kernel_openmp_04_orig,0.738701,687.793,OK,
633,Rgemm_gmp_kernel_openmp_04_mkII,04,kernel_openmp_04_mkII,0.798576,636.224,OK,
633,Rgemm_gmp_kernel_openmp_05_orig,05,kernel_openmp_05_orig,0.608377,835.13,OK,
633,Rgemm_gmp_kernel_openmp_05_mkII,05,kernel_openmp_05_mkII,0.626151,811.424,OK,
633,Rgemm_gmp_kernel_openmp_06_orig,06,kernel_openmp_06_orig,0.617306,823.05,OK,256
633,Rgemm_gmp_kernel_openmp_06_mkII,06,kernel_openmp_06_mkII,0.607075,836.92,OK,256
664,Rgemm_gmp_C_native_openmp_02,02,C_native_openmp_02,1.0175,576.305,OK,
664,Rgemm_gmp_C_native_openmp_04,04,C_native_openmp_04,0.810186,723.774,OK,
664,Rgemm_gmp_C_native_openmp_05,05,C_native_openmp_05,0.764627,766.899,OK,
664,Rgemm_gmp_C_native_openmp_06,06,C_native_openmp_06,0.687835,852.518,OK,256
664,Rgemm_gmp_kernel_openmp_02_orig,02,kernel_openmp_02_orig,0.759468,772.109,OK,
664,Rgemm_gmp_kernel_openmp_02_mkII,02,kernel_openmp_02_mkII,0.756478,775.16,OK,
664,Rgemm_gmp_kernel_openmp_04_orig,04,kernel_openmp_04_orig,0.847276,692.091,OK,
664,Rgemm_gmp_kernel_openmp_04_mkII,04,kernel_openmp_04_mkII,0.930493,630.195,OK,
664,Rgemm_gmp_kernel_openmp_05_orig,05,kernel_openmp_05_orig,0.799265,733.664,OK,
664,Rgemm_gmp_kernel_openmp_05_mkII,05,kernel_openmp_05_mkII,0.831426,705.284,OK,
664,Rgemm_gmp_kernel_openmp_06_orig,06,kernel_openmp_06_orig,0.74144,790.883,OK,256
664,Rgemm_gmp_kernel_openmp_06_mkII,06,kernel_openmp_06_mkII,0.717453,817.324,OK,256
695,Rgemm_gmp_C_native_openmp_02,02,C_native_openmp_02,1.12201,599.253,OK,
695,Rgemm_gmp_C_native_openmp_04,04,C_native_openmp_04,0.929455,723.403,OK,
695,Rgemm_gmp_C_native_openmp_05,05,C_native_openmp_05,0.835167,805.074,OK,
695,Rgemm_gmp_C_native_openmp_06,06,C_native_openmp_06,0.816255,823.726,OK,256
695,Rgemm_gmp_kernel_openmp_02_orig,02,kernel_openmp_02_orig,0.865592,776.775,OK,
695,Rgemm_gmp_kernel_openmp_02_mkII,02,kernel_openmp_02_mkII,0.873252,769.962,OK,
695,Rgemm_gmp_kernel_openmp_04_orig,04,kernel_openmp_04_orig,0.972701,691.241,OK,
695,Rgemm_gmp_kernel_openmp_04_mkII,04,kernel_openmp_04_mkII,1.06829,629.391,OK,
695,Rgemm_gmp_kernel_openmp_05_orig,05,kernel_openmp_05_orig,0.879746,764.278,OK,
695,Rgemm_gmp_kernel_openmp_05_mkII,05,kernel_openmp_05_mkII,0.906011,742.122,OK,
695,Rgemm_gmp_kernel_openmp_06_orig,06,kernel_openmp_06_orig,0.852008,789.16,OK,256
695,Rgemm_gmp_kernel_openmp_06_mkII,06,kernel_openmp_06_mkII,0.838151,802.207,OK,256
726,Rgemm_gmp_C_native_openmp_02,02,C_native_openmp_02,1.37953,555.528,OK,
726,Rgemm_gmp_C_native_openmp_04,04,C_native_openmp_04,1.06618,718.796,OK,
726,Rgemm_gmp_C_native_openmp_05,05,C_native_openmp_05,0.915543,837.064,OK,
726,Rgemm_gmp_C_native_openmp_06,06,C_native_openmp_06,0.910992,841.247,OK,256
726,Rgemm_gmp_kernel_openmp_02_orig,02,kernel_openmp_02_orig,0.99772,768.12,OK,
726,Rgemm_gmp_kernel_openmp_02_mkII,02,kernel_openmp_02_mkII,1.00504,762.523,OK,
726,Rgemm_gmp_kernel_openmp_04_orig,04,kernel_openmp_04_orig,1.13361,676.045,OK,
726,Rgemm_gmp_kernel_openmp_04_mkII,04,kernel_openmp_04_mkII,1.20482,636.085,OK,
726,Rgemm_gmp_kernel_openmp_05_orig,05,kernel_openmp_05_orig,0.96014,798.184,OK,
726,Rgemm_gmp_kernel_openmp_05_mkII,05,kernel_openmp_05_mkII,0.98153,780.79,OK,
726,Rgemm_gmp_kernel_openmp_06_orig,06,kernel_openmp_06_orig,0.97521,785.85,OK,256
726,Rgemm_gmp_kernel_openmp_06_mkII,06,kernel_openmp_06_mkII,0.962016,796.627,OK,256
757,Rgemm_gmp_C_native_openmp_02,02,C_native_openmp_02,1.57612,551.189,OK,
757,Rgemm_gmp_C_native_openmp_04,04,C_native_openmp_04,1.19802,725.147,OK,
757,Rgemm_gmp_C_native_openmp_05,05,C_native_openmp_05,0.993523,874.406,OK,
757,Rgemm_gmp_C_native_openmp_06,06,C_native_openmp_06,0.990693,876.903,OK,256
757,Rgemm_gmp_kernel_openmp_02_orig,02,kernel_openmp_02_orig,1.12679,770.989,OK,
757,Rgemm_gmp_kernel_openmp_02_mkII,02,kernel_openmp_02_mkII,1.12531,772.003,OK,
757,Rgemm_gmp_kernel_openmp_04_orig,04,kernel_openmp_04_orig,1.26135,688.743,OK,
757,Rgemm_gmp_kernel_openmp_04_mkII,04,kernel_openmp_04_mkII,1.37051,633.881,OK,
757,Rgemm_gmp_kernel_openmp_05_orig,05,kernel_openmp_05_orig,1.05153,826.173,OK,
757,Rgemm_gmp_kernel_openmp_05_mkII,05,kernel_openmp_05_mkII,1.07273,809.841,OK,
757,Rgemm_gmp_kernel_openmp_06_orig,06,kernel_openmp_06_orig,1.05025,827.176,OK,256
757,Rgemm_gmp_kernel_openmp_06_mkII,06,kernel_openmp_06_mkII,1.04228,833.503,OK,256
768,Rgemm_gmp_C_native_openmp_02,02,C_native_openmp_02,1.47252,616.053,OK,
768,Rgemm_gmp_C_native_openmp_04,04,C_native_openmp_04,1.23176,736.466,OK,
768,Rgemm_gmp_C_native_openmp_05,05,C_native_openmp_05,1.03237,878.71,OK,
768,Rgemm_gmp_C_native_openmp_06,06,C_native_openmp_06,1.02952,881.138,OK,256
768,Rgemm_gmp_kernel_openmp_02_orig,02,kernel_openmp_02_orig,1.1673,777.133,OK,
768,Rgemm_gmp_kernel_openmp_02_mkII,02,kernel_openmp_02_mkII,1.1635,779.672,OK,
768,Rgemm_gmp_kernel_openmp_04_orig,04,kernel_openmp_04_orig,1.29233,701.947,OK,
768,Rgemm_gmp_kernel_openmp_04_mkII,04,kernel_openmp_04_mkII,1.43149,633.71,OK,
768,Rgemm_gmp_kernel_openmp_05_orig,05,kernel_openmp_05_orig,1.08457,836.414,OK,
768,Rgemm_gmp_kernel_openmp_05_mkII,05,kernel_openmp_05_mkII,1.10727,819.265,OK,
768,Rgemm_gmp_kernel_openmp_06_orig,06,kernel_openmp_06_orig,1.092,830.721,OK,256
768,Rgemm_gmp_kernel_openmp_06_mkII,06,kernel_openmp_06_mkII,1.07707,842.238,OK,256
788,Rgemm_gmp_C_native_openmp_02,02,C_native_openmp_02,1.61681,606.037,OK,
788,Rgemm_gmp_C_native_openmp_04,04,C_native_openmp_04,1.35649,722.341,OK,
788,Rgemm_gmp_C_native_openmp_05,05,C_native_openmp_05,1.25803,778.877,OK,
788,Rgemm_gmp_C_native_openmp_06,06,C_native_openmp_06,1.13843,860.702,OK,256
788,Rgemm_gmp_kernel_openmp_02_orig,02,kernel_openmp_02_orig,1.26769,772.939,OK,
788,Rgemm_gmp_kernel_openmp_02_mkII,02,kernel_openmp_02_mkII,1.27562,768.135,OK,
788,Rgemm_gmp_kernel_openmp_04_orig,04,kernel_openmp_04_orig,1.41674,691.625,OK,
788,Rgemm_gmp_kernel_openmp_04_mkII,04,kernel_openmp_04_mkII,1.55289,630.985,OK,
788,Rgemm_gmp_kernel_openmp_05_orig,05,kernel_openmp_05_orig,1.31916,742.781,OK,
788,Rgemm_gmp_kernel_openmp_05_mkII,05,kernel_openmp_05_mkII,1.34775,727.028,OK,
788,Rgemm_gmp_kernel_openmp_06_orig,06,kernel_openmp_06_orig,1.21609,805.738,OK,256
788,Rgemm_gmp_kernel_openmp_06_mkII,06,kernel_openmp_06_mkII,1.19644,818.972,OK,256
819,Rgemm_gmp_C_native_openmp_02,02,C_native_openmp_02,1.92359,571.871,OK,
819,Rgemm_gmp_C_native_openmp_04,04,C_native_openmp_04,1.52042,723.517,OK,
819,Rgemm_gmp_C_native_openmp_05,05,C_native_openmp_05,1.3526,813.285,OK,
819,Rgemm_gmp_C_native_openmp_06,06,C_native_openmp_06,1.28732,854.529,OK,256
819,Rgemm_gmp_kernel_openmp_02_orig,02,kernel_openmp_02_orig,1.45137,757.94,OK,
819,Rgemm_gmp_kernel_openmp_02_mkII,02,kernel_openmp_02_mkII,1.43006,769.231,OK,
819,Rgemm_gmp_kernel_openmp_04_orig,04,kernel_openmp_04_orig,1.59631,689.121,OK,
819,Rgemm_gmp_kernel_openmp_04_mkII,04,kernel_openmp_04_mkII,1.73206,635.109,OK,
819,Rgemm_gmp_kernel_openmp_05_orig,05,kernel_openmp_05_orig,1.4248,772.074,OK,
819,Rgemm_gmp_kernel_openmp_05_mkII,05,kernel_openmp_05_mkII,1.46556,750.599,OK,
819,Rgemm_gmp_kernel_openmp_06_orig,06,kernel_openmp_06_orig,1.35815,809.962,OK,256
819,Rgemm_gmp_kernel_openmp_06_mkII,06,kernel_openmp_06_mkII,1.34895,815.487,OK,256
850,Rgemm_gmp_C_native_openmp_02,02,C_native_openmp_02,2.25048,546.416,OK,
850,Rgemm_gmp_C_native_openmp_04,04,C_native_openmp_04,1.7832,689.601,OK,
850,Rgemm_gmp_C_native_openmp_05,05,C_native_openmp_05,1.45464,845.361,OK,
850,Rgemm_gmp_C_native_openmp_06,06,C_native_openmp_06,1.44758,849.485,OK,256
850,Rgemm_gmp_kernel_openmp_02_orig,02,kernel_openmp_02_orig,1.60747,764.988,OK,
850,Rgemm_gmp_kernel_openmp_02_mkII,02,kernel_openmp_02_mkII,1.61499,761.424,OK,
850,Rgemm_gmp_kernel_openmp_04_orig,04,kernel_openmp_04_orig,1.79143,686.432,OK,
850,Rgemm_gmp_kernel_openmp_04_mkII,04,kernel_openmp_04_mkII,1.94287,632.927,OK,
850,Rgemm_gmp_kernel_openmp_05_orig,05,kernel_openmp_05_orig,1.539,799.024,OK,
850,Rgemm_gmp_kernel_openmp_05_mkII,05,kernel_openmp_05_mkII,1.57567,780.425,OK,
850,Rgemm_gmp_kernel_openmp_06_orig,06,kernel_openmp_06_orig,1.5363,800.427,OK,256
850,Rgemm_gmp_kernel_openmp_06_mkII,06,kernel_openmp_06_mkII,1.52861,804.452,OK,256
881,Rgemm_gmp_C_native_openmp_02,02,C_native_openmp_02,2.44848,559.183,OK,
881,Rgemm_gmp_C_native_openmp_04,04,C_native_openmp_04,1.91692,714.245,OK,
881,Rgemm_gmp_C_native_openmp_05,05,C_native_openmp_05,1.57132,871.339,OK,
881,Rgemm_gmp_C_native_openmp_06,06,C_native_openmp_06,1.56774,873.326,OK,256
881,Rgemm_gmp_kernel_openmp_02_orig,02,kernel_openmp_02_orig,1.7884,765.57,OK,
881,Rgemm_gmp_kernel_openmp_02_mkII,02,kernel_openmp_02_mkII,1.78993,764.917,OK,
881,Rgemm_gmp_kernel_openmp_04_orig,04,kernel_openmp_04_orig,2.00622,682.451,OK,
881,Rgemm_gmp_kernel_openmp_04_mkII,04,kernel_openmp_04_mkII,2.17009,630.919,OK,
881,Rgemm_gmp_kernel_openmp_05_orig,05,kernel_openmp_05_orig,1.66494,822.339,OK,
881,Rgemm_gmp_kernel_openmp_05_mkII,05,kernel_openmp_05_mkII,1.70826,801.487,OK,
881,Rgemm_gmp_kernel_openmp_06_orig,06,kernel_openmp_06_orig,1.68966,810.31,OK,256
881,Rgemm_gmp_kernel_openmp_06_mkII,06,kernel_openmp_06_mkII,1.65954,825.017,OK,256
912,Rgemm_gmp_C_native_openmp_02,02,C_native_openmp_02,2.99101,507.776,OK,
912,Rgemm_gmp_C_native_openmp_04,04,C_native_openmp_04,2.11164,719.233,OK,
912,Rgemm_gmp_C_native_openmp_05,05,C_native_openmp_05,1.93488,784.942,OK,
912,Rgemm_gmp_C_native_openmp_06,06,C_native_openmp_06,1.75154,867.102,OK,256
912,Rgemm_gmp_kernel_openmp_02_orig,02,kernel_openmp_02_orig,1.97853,767.621,OK,
912,Rgemm_gmp_kernel_openmp_02_mkII,02,kernel_openmp_02_mkII,2.00672,756.838,OK,
912,Rgemm_gmp_kernel_openmp_04_orig,04,kernel_openmp_04_orig,2.19887,690.701,OK,
912,Rgemm_gmp_kernel_openmp_04_mkII,04,kernel_openmp_04_mkII,2.40786,630.753,OK,
912,Rgemm_gmp_kernel_openmp_05_orig,05,kernel_openmp_05_orig,2.03616,745.895,OK,
912,Rgemm_gmp_kernel_openmp_05_mkII,05,kernel_openmp_05_mkII,2.07451,732.109,OK,
912,Rgemm_gmp_kernel_openmp_06_orig,06,kernel_openmp_06_orig,1.86781,813.124,OK,256
912,Rgemm_gmp_kernel_openmp_06_mkII,06,kernel_openmp_06_mkII,1.85293,819.657,OK,256
943,Rgemm_gmp_C_native_openmp_02,02,C_native_openmp_02,3.63544,461.816,OK,
943,Rgemm_gmp_C_native_openmp_04,04,C_native_openmp_04,2.33521,718.951,OK,
943,Rgemm_gmp_C_native_openmp_05,05,C_native_openmp_05,2.10328,798.229,OK,
943,Rgemm_gmp_C_native_openmp_06,06,C_native_openmp_06,1.94838,861.693,OK,256
943,Rgemm_gmp_kernel_openmp_02_orig,02,kernel_openmp_02_orig,2.19702,764.171,OK,
943,Rgemm_gmp_kernel_openmp_02_mkII,02,kernel_openmp_02_mkII,2.24009,749.478,OK,
943,Rgemm_gmp_kernel_openmp_04_orig,04,kernel_openmp_04_orig,2.68917,624.32,OK,
943,Rgemm_gmp_kernel_openmp_04_mkII,04,kernel_openmp_04_mkII,2.6719,628.354,OK,
943,Rgemm_gmp_kernel_openmp_05_orig,05,kernel_openmp_05_orig,2.1776,770.987,OK,
943,Rgemm_gmp_kernel_openmp_05_mkII,05,kernel_openmp_05_mkII,2.22504,754.548,OK,
943,Rgemm_gmp_kernel_openmp_06_orig,06,kernel_openmp_06_orig,2.06414,813.368,OK,256
943,Rgemm_gmp_kernel_openmp_06_mkII,06,kernel_openmp_06_mkII,2.04472,821.09,OK,256
974,Rgemm_gmp_C_native_openmp_02,02,C_native_openmp_02,3.45795,534.976,OK,
974,Rgemm_gmp_C_native_openmp_04,04,C_native_openmp_04,2.56131,722.255,OK,
974,Rgemm_gmp_C_native_openmp_05,05,C_native_openmp_05,2.2022,840.03,OK,
974,Rgemm_gmp_C_native_openmp_06,06,C_native_openmp_06,2.15333,859.096,OK,256
974,Rgemm_gmp_kernel_openmp_02_orig,02,kernel_openmp_02_orig,2.42855,761.738,OK,
974,Rgemm_gmp_kernel_openmp_02_mkII,02,kernel_openmp_02_mkII,2.42698,762.23,OK,
974,Rgemm_gmp_kernel_openmp_04_orig,04,kernel_openmp_04_orig,2.70455,684.003,OK,
974,Rgemm_gmp_kernel_openmp_04_mkII,04,kernel_openmp_04_mkII,2.95192,626.684,OK,
974,Rgemm_gmp_kernel_openmp_05_orig,05,kernel_openmp_05_orig,2.30318,803.201,OK,
974,Rgemm_gmp_kernel_openmp_05_mkII,05,kernel_openmp_05_mkII,2.38313,776.257,OK,
974,Rgemm_gmp_kernel_openmp_06_orig,06,kernel_openmp_06_orig,2.28168,810.771,OK,256
974,Rgemm_gmp_kernel_openmp_06_mkII,06,kernel_openmp_06_mkII,2.2711,814.546,OK,256
1005,Rgemm_gmp_C_native_openmp_02,02,C_native_openmp_02,4.03986,503.03,OK,
1005,Rgemm_gmp_C_native_openmp_04,04,C_native_openmp_04,2.83803,716.05,OK,
1005,Rgemm_gmp_C_native_openmp_05,05,C_native_openmp_05,2.39544,848.35,OK,
1005,Rgemm_gmp_C_native_openmp_06,06,C_native_openmp_06,2.34819,865.422,OK,256
1005,Rgemm_gmp_kernel_openmp_02_orig,02,kernel_openmp_02_orig,2.6725,760.4,OK,
1005,Rgemm_gmp_kernel_openmp_02_mkII,02,kernel_openmp_02_mkII,2.67619,759.352,OK,
1005,Rgemm_gmp_kernel_openmp_04_orig,04,kernel_openmp_04_orig,2.97242,683.676,OK,
1005,Rgemm_gmp_kernel_openmp_04_mkII,04,kernel_openmp_04_mkII,3.38471,600.397,OK,
1005,Rgemm_gmp_kernel_openmp_05_orig,05,kernel_openmp_05_orig,2.46969,822.845,OK,
1005,Rgemm_gmp_kernel_openmp_05_mkII,05,kernel_openmp_05_mkII,2.52746,804.037,OK,
1005,Rgemm_gmp_kernel_openmp_06_orig,06,kernel_openmp_06_orig,2.48493,817.797,OK,256
1005,Rgemm_gmp_kernel_openmp_06_mkII,06,kernel_openmp_06_mkII,2.44797,830.145,OK,256
1024,Rgemm_gmp_C_native_openmp_02,02,C_native_openmp_02,4.50967,476.66,OK,
1024,Rgemm_gmp_C_native_openmp_04,04,C_native_openmp_04,2.93575,732.208,OK,
1024,Rgemm_gmp_C_native_openmp_05,05,C_native_openmp_05,2.46498,872.049,OK,
1024,Rgemm_gmp_C_native_openmp_06,06,C_native_openmp_06,2.43424,883.06,OK,256
1024,Rgemm_gmp_kernel_openmp_02_orig,02,kernel_openmp_02_orig,2.79014,770.422,OK,
1024,Rgemm_gmp_kernel_openmp_02_mkII,02,kernel_openmp_02_mkII,2.80959,765.087,OK,
1024,Rgemm_gmp_kernel_openmp_04_orig,04,kernel_openmp_04_orig,3.11141,690.87,OK,
1024,Rgemm_gmp_kernel_openmp_04_mkII,04,kernel_openmp_04_mkII,3.37326,637.241,OK,
1024,Rgemm_gmp_kernel_openmp_05_orig,05,kernel_openmp_05_orig,2.58597,831.247,OK,
1024,Rgemm_gmp_kernel_openmp_05_mkII,05,kernel_openmp_05_mkII,2.63401,816.087,OK,
1024,Rgemm_gmp_kernel_openmp_06_orig,06,kernel_openmp_06_orig,2.6116,823.088,OK,256
1024,Rgemm_gmp_kernel_openmp_06_mkII,06,kernel_openmp_06_mkII,2.57794,833.835,OK,256
