variant,run,elapsed_seconds,mflops,alloc,realloc,free,wall_seconds,diff_ok,mode
C_native_01,1,0.85742,23.3258,2,0,2,8.34,True,serial
C_native_01,2,0.841635,23.7633,2,0,2,8.26,True,serial
C_native_01,3,0.855612,23.3751,2,0,2,8.38,True,serial
C_native_01,4,0.863018,23.1745,2,0,2,8.42,True,serial
C_native_01,5,0.837729,23.8741,2,0,2,8.32,True,serial
C_native_01,6,0.847936,23.5867,2,0,2,8.39,True,serial
C_native_01,7,0.855964,23.3655,2,0,2,8.46,True,serial
C_native_01,8,0.872266,22.9288,2,0,2,8.47,True,serial
C_native_01,9,0.86589,23.0976,2,0,2,8.53,True,serial
C_native_01,10,0.852049,23.4728,2,0,2,8.4,True,serial
C_native_01_FMA,1,0.858771,23.2891,1,0,1,8.54,True,serial
C_native_01_FMA,2,0.854184,23.4142,1,0,1,8.4,True,serial
C_native_01_FMA,3,0.851958,23.4753,1,0,1,8.44,True,serial
C_native_01_FMA,4,0.866812,23.0731,1,0,1,8.5,True,serial
C_native_01_FMA,5,0.876063,22.8294,1,0,1,8.53,True,serial
C_native_01_FMA,6,0.854457,23.4067,1,0,1,8.48,True,serial
C_native_01_FMA,7,0.857357,23.3275,1,0,1,8.5,True,serial
C_native_01_FMA,8,0.857711,23.3179,1,0,1,8.4,True,serial
C_native_01_FMA,9,0.858829,23.2875,1,0,1,8.43,True,serial
C_native_01_FMA,10,0.840141,23.8055,1,0,1,8.24,True,serial
C_native_openmp_01,1,0.0349332,572.521,64,0,64,7.87,True,openmp
C_native_openmp_01,2,0.0456984,437.652,64,0,64,7.95,True,openmp
C_native_openmp_01,3,0.0348702,573.555,64,0,64,7.98,True,openmp
C_native_openmp_01,4,0.0464957,430.148,64,0,64,7.79,True,openmp
C_native_openmp_01,5,0.0427145,468.225,64,0,64,7.93,True,openmp
C_native_openmp_01,6,0.0459728,435.04,64,0,64,7.84,True,openmp
C_native_openmp_01,7,0.0359191,556.807,64,0,64,7.95,True,openmp
C_native_openmp_01,8,0.0349645,572.009,64,0,64,7.91,True,openmp
C_native_openmp_01,9,0.0343206,582.74,64,0,64,8.01,True,openmp
C_native_openmp_01,10,0.0358865,557.313,64,0,64,7.97,True,openmp
C_native_openmp_01_FMA,1,0.0451593,442.877,32,0,32,7.89,True,openmp
C_native_openmp_01_FMA,2,0.0363593,550.066,32,0,32,7.87,True,openmp
C_native_openmp_01_FMA,3,0.0455994,438.603,32,0,32,7.94,True,openmp
C_native_openmp_01_FMA,4,0.0470989,424.638,32,0,32,8.03,True,openmp
C_native_openmp_01_FMA,5,0.0342293,584.295,32,0,32,8.05,True,openmp
C_native_openmp_01_FMA,6,0.034543,578.988,32,0,32,8.04,True,openmp
C_native_openmp_01_FMA,7,0.033615,594.973,32,0,32,8.03,True,openmp
C_native_openmp_01_FMA,8,0.0457141,437.502,32,0,32,7.94,True,openmp
C_native_openmp_01_FMA,9,0.0355647,562.355,32,0,32,7.8,True,openmp
C_native_openmp_01_FMA,10,0.046071,434.113,32,0,32,7.9,True,openmp
kernel_01_mkII,1,1.1088,18.0376,10000001,0,10000001,8.67,True,serial
kernel_01_mkII,2,1.16434,17.1771,10000001,0,10000001,8.77,True,serial
kernel_01_mkII,3,1.15526,17.3122,10000001,0,10000001,8.83,True,serial
kernel_01_mkII,4,1.11943,17.8662,10000001,0,10000001,8.7,True,serial
kernel_01_mkII,5,1.12378,17.7971,10000001,0,10000001,8.67,True,serial
kernel_01_mkII,6,1.15497,17.3164,10000001,0,10000001,8.87,True,serial
kernel_01_mkII,7,1.12272,17.8139,10000001,0,10000001,8.67,True,serial
kernel_01_mkII,8,1.1241,17.792,10000001,0,10000001,8.7,True,serial
kernel_01_mkII,9,1.16325,17.1932,10000001,0,10000001,8.85,True,serial
kernel_01_mkII,10,1.13397,17.6372,10000001,0,10000001,8.75,True,serial
kernel_01_mkII_STABLE_ROUNDING,1,1.0254,19.5046,10000001,0,10000001,8.34,True,serial
kernel_01_mkII_STABLE_ROUNDING,2,1.0602,18.8643,10000001,0,10000001,8.52,True,serial
kernel_01_mkII_STABLE_ROUNDING,3,1.05385,18.978,10000001,0,10000001,8.54,True,serial
kernel_01_mkII_STABLE_ROUNDING,4,1.01674,19.6708,10000001,0,10000001,8.29,True,serial
kernel_01_mkII_STABLE_ROUNDING,5,1.03558,19.3128,10000001,0,10000001,8.51,True,serial
kernel_01_mkII_STABLE_ROUNDING,6,1.0353,19.3181,10000001,0,10000001,8.48,True,serial
kernel_01_mkII_STABLE_ROUNDING,7,1.051,19.0296,10000001,0,10000001,8.49,True,serial
kernel_01_mkII_STABLE_ROUNDING,8,1.0609,18.8518,10000001,0,10000001,8.59,True,serial
kernel_01_mkII_STABLE_ROUNDING,9,1.04711,19.1003,10000001,0,10000001,8.49,True,serial
kernel_01_mkII_STABLE_ROUNDING,10,1.05351,18.9841,10000001,0,10000001,8.6,True,serial
kernel_01_mkII_FMA,1,0.903471,22.1368,1,0,1,8.37,True,serial
kernel_01_mkII_FMA,2,0.921003,21.7155,1,0,1,8.54,True,serial
kernel_01_mkII_FMA,3,0.913621,21.8909,1,0,1,8.45,True,serial
kernel_01_mkII_FMA,4,0.916186,21.8296,1,0,1,8.38,True,serial
kernel_01_mkII_FMA,5,0.92053,21.7266,1,0,1,8.5,True,serial
kernel_01_mkII_FMA,6,0.924765,21.6271,1,0,1,8.41,True,serial
kernel_01_mkII_FMA,7,0.910928,21.9556,1,0,1,8.44,True,serial
kernel_01_mkII_FMA,8,0.912698,21.9131,1,0,1,8.44,True,serial
kernel_01_mkII_FMA,9,0.900679,22.2055,1,0,1,8.34,True,serial
kernel_01_mkII_FMA,10,0.918562,21.7732,1,0,1,8.42,True,serial
kernel_01_mkII_STABLE_ROUNDING_FMA,1,0.860942,23.2304,1,0,1,8.38,True,serial
kernel_01_mkII_STABLE_ROUNDING_FMA,2,0.870283,22.981,1,0,1,8.42,True,serial
kernel_01_mkII_STABLE_ROUNDING_FMA,3,0.860117,23.2526,1,0,1,8.31,True,serial
kernel_01_mkII_STABLE_ROUNDING_FMA,4,0.857784,23.3159,1,0,1,8.35,True,serial
kernel_01_mkII_STABLE_ROUNDING_FMA,5,0.864352,23.1387,1,0,1,8.31,True,serial
kernel_01_mkII_STABLE_ROUNDING_FMA,6,0.860558,23.2407,1,0,1,8.26,True,serial
kernel_01_mkII_STABLE_ROUNDING_FMA,7,0.850832,23.5064,1,0,1,8.31,True,serial
kernel_01_mkII_STABLE_ROUNDING_FMA,8,0.86392,23.1503,1,0,1,8.31,True,serial
kernel_01_mkII_STABLE_ROUNDING_FMA,9,0.855585,23.3758,1,0,1,8.29,True,serial
kernel_01_mkII_STABLE_ROUNDING_FMA,10,0.872602,22.9199,1,0,1,8.42,True,serial
kernel_02_mkII,1,1.21423,16.4713,10000001,0,10000001,8.82,True,serial
kernel_02_mkII,2,1.22848,16.2803,10000001,0,10000001,8.77,True,serial
kernel_02_mkII,3,1.23918,16.1398,10000001,0,10000001,8.85,True,serial
kernel_02_mkII,4,1.21434,16.4698,10000001,0,10000001,8.73,True,serial
kernel_02_mkII,5,1.23038,16.2551,10000001,0,10000001,8.8,True,serial
kernel_02_mkII,6,1.2443,16.0733,10000001,0,10000001,8.86,True,serial
kernel_02_mkII,7,1.22148,16.3735,10000001,0,10000001,8.75,True,serial
kernel_02_mkII,8,1.22881,16.2759,10000001,0,10000001,8.79,True,serial
kernel_02_mkII,9,1.22291,16.3544,10000001,0,10000001,8.74,True,serial
kernel_02_mkII,10,1.24409,16.076,10000001,0,10000001,8.82,True,serial
kernel_02_mkII_STABLE_ROUNDING,1,1.0686,18.7161,10000001,0,10000001,8.54,True,serial
kernel_02_mkII_STABLE_ROUNDING,2,1.08286,18.4697,10000001,0,10000001,8.62,True,serial
kernel_02_mkII_STABLE_ROUNDING,3,1.06878,18.7129,10000001,0,10000001,8.54,True,serial
kernel_02_mkII_STABLE_ROUNDING,4,1.07713,18.5679,10000001,0,10000001,8.55,True,serial
kernel_02_mkII_STABLE_ROUNDING,5,1.06337,18.8081,10000001,0,10000001,8.57,True,serial
kernel_02_mkII_STABLE_ROUNDING,6,1.04919,19.0623,10000001,0,10000001,8.42,True,serial
kernel_02_mkII_STABLE_ROUNDING,7,1.06621,18.758,10000001,0,10000001,8.62,True,serial
kernel_02_mkII_STABLE_ROUNDING,8,1.07611,18.5855,10000001,0,10000001,8.56,True,serial
kernel_02_mkII_STABLE_ROUNDING,9,1.06189,18.8343,10000001,0,10000001,8.62,True,serial
kernel_02_mkII_STABLE_ROUNDING,10,1.06024,18.8636,10000001,0,10000001,8.62,True,serial
kernel_02_mkII_FMA,1,1.17489,17.0229,10000001,0,10000001,8.77,True,serial
kernel_02_mkII_FMA,2,1.17465,17.0264,10000001,0,10000001,8.79,True,serial
kernel_02_mkII_FMA,3,1.11431,17.9483,10000001,0,10000001,8.62,True,serial
kernel_02_mkII_FMA,4,1.17099,17.0796,10000001,0,10000001,8.7,True,serial
kernel_02_mkII_FMA,5,1.15155,17.3678,10000001,0,10000001,8.66,True,serial
kernel_02_mkII_FMA,6,1.16921,17.1055,10000001,0,10000001,8.75,True,serial
kernel_02_mkII_FMA,7,1.14584,17.4544,10000001,0,10000001,8.67,True,serial
kernel_02_mkII_FMA,8,1.1675,17.1306,10000001,0,10000001,8.8,True,serial
kernel_02_mkII_FMA,9,1.17234,17.0599,10000001,0,10000001,8.78,True,serial
kernel_02_mkII_FMA,10,1.14204,17.5125,10000001,0,10000001,8.67,True,serial
kernel_02_mkII_STABLE_ROUNDING_FMA,1,1.17059,17.0854,10000001,0,10000001,8.44,True,serial
kernel_02_mkII_STABLE_ROUNDING_FMA,2,1.21102,16.5151,10000001,0,10000001,8.64,True,serial
kernel_02_mkII_STABLE_ROUNDING_FMA,3,1.19459,16.7422,10000001,0,10000001,8.66,True,serial
kernel_02_mkII_STABLE_ROUNDING_FMA,4,1.21665,16.4386,10000001,0,10000001,8.72,True,serial
kernel_02_mkII_STABLE_ROUNDING_FMA,5,1.20637,16.5786,10000001,0,10000001,8.67,True,serial
kernel_02_mkII_STABLE_ROUNDING_FMA,6,1.21744,16.428,10000001,0,10000001,8.71,True,serial
kernel_02_mkII_STABLE_ROUNDING_FMA,7,1.20452,16.6042,10000001,0,10000001,8.71,True,serial
kernel_02_mkII_STABLE_ROUNDING_FMA,8,1.19021,16.8038,10000001,0,10000001,8.59,True,serial
kernel_02_mkII_STABLE_ROUNDING_FMA,9,1.19311,16.7629,10000001,0,10000001,8.61,True,serial
kernel_02_mkII_STABLE_ROUNDING_FMA,10,1.1952,16.7337,10000001,0,10000001,8.56,True,serial
kernel_03_mkII,1,0.950343,21.045,2,0,2,8.54,True,serial
kernel_03_mkII,2,0.941665,21.239,2,0,2,8.48,True,serial
kernel_03_mkII,3,0.98139,20.3793,2,0,2,8.53,True,serial
kernel_03_mkII,4,0.947896,21.0994,2,0,2,8.56,True,serial
kernel_03_mkII,5,0.940596,21.2631,2,0,2,8.53,True,serial
kernel_03_mkII,6,0.967296,20.6762,2,0,2,8.6,True,serial
kernel_03_mkII,7,0.942119,21.2287,2,0,2,8.53,True,serial
kernel_03_mkII,8,0.960587,20.8206,2,0,2,8.57,True,serial
kernel_03_mkII,9,0.961643,20.7977,2,0,2,8.51,True,serial
kernel_03_mkII,10,0.959956,20.8343,2,0,2,8.59,True,serial
kernel_03_mkII_STABLE_ROUNDING,1,0.855358,23.382,2,0,2,8.39,True,serial
kernel_03_mkII_STABLE_ROUNDING,2,0.854791,23.3975,2,0,2,8.29,True,serial
kernel_03_mkII_STABLE_ROUNDING,3,0.866472,23.0821,2,0,2,8.4,True,serial
kernel_03_mkII_STABLE_ROUNDING,4,0.865134,23.1178,2,0,2,8.33,True,serial
kernel_03_mkII_STABLE_ROUNDING,5,0.866951,23.0694,2,0,2,8.32,True,serial
kernel_03_mkII_STABLE_ROUNDING,6,0.863805,23.1534,2,0,2,8.31,True,serial
kernel_03_mkII_STABLE_ROUNDING,7,0.867158,23.0638,2,0,2,8.4,True,serial
kernel_03_mkII_STABLE_ROUNDING,8,0.859596,23.2667,2,0,2,8.33,True,serial
kernel_03_mkII_STABLE_ROUNDING,9,0.862584,23.1862,2,0,2,8.35,True,serial
kernel_03_mkII_STABLE_ROUNDING,10,0.854077,23.4171,2,0,2,8.26,True,serial
kernel_03_mkII_FMA,1,0.957568,20.8862,2,0,2,8.52,True,serial
kernel_03_mkII_FMA,2,0.912168,21.9258,2,0,2,8.2,True,serial
kernel_03_mkII_FMA,3,0.937852,21.3253,2,0,2,8.38,True,serial
kernel_03_mkII_FMA,4,0.948767,21.08,2,0,2,8.48,True,serial
kernel_03_mkII_FMA,5,0.947175,21.1154,2,0,2,8.45,True,serial
kernel_03_mkII_FMA,6,0.958564,20.8645,2,0,2,8.45,True,serial
kernel_03_mkII_FMA,7,0.950706,21.037,2,0,2,8.49,True,serial
kernel_03_mkII_FMA,8,0.955976,20.921,2,0,2,8.46,True,serial
kernel_03_mkII_FMA,9,0.955449,20.9326,2,0,2,8.48,True,serial
kernel_03_mkII_FMA,10,0.944656,21.1717,2,0,2,8.44,True,serial
kernel_03_mkII_STABLE_ROUNDING_FMA,1,0.863717,23.1557,2,0,2,8.31,True,serial
kernel_03_mkII_STABLE_ROUNDING_FMA,2,0.858819,23.2878,2,0,2,8.32,True,serial
kernel_03_mkII_STABLE_ROUNDING_FMA,3,0.867356,23.0586,2,0,2,8.37,True,serial
kernel_03_mkII_STABLE_ROUNDING_FMA,4,0.872185,22.9309,2,0,2,8.38,True,serial
kernel_03_mkII_STABLE_ROUNDING_FMA,5,0.870487,22.9756,2,0,2,8.35,True,serial
kernel_03_mkII_STABLE_ROUNDING_FMA,6,0.859778,23.2618,2,0,2,8.29,True,serial
kernel_03_mkII_STABLE_ROUNDING_FMA,7,0.862472,23.1892,2,0,2,8.26,True,serial
kernel_03_mkII_STABLE_ROUNDING_FMA,8,0.859803,23.2611,2,0,2,8.26,True,serial
kernel_03_mkII_STABLE_ROUNDING_FMA,9,0.843407,23.7133,2,0,2,8.13,True,serial
kernel_03_mkII_STABLE_ROUNDING_FMA,10,0.854165,23.4147,2,0,2,8.33,True,serial
kernel_04_mkII,1,1.04392,19.1585,2,0,2,8.4,True,serial
kernel_04_mkII,2,1.0609,18.8518,2,0,2,8.64,True,serial
kernel_04_mkII,3,1.05981,18.8713,2,0,2,8.56,True,serial
kernel_04_mkII,4,1.0944,18.2748,2,0,2,8.69,True,serial
kernel_04_mkII,5,1.08884,18.3681,2,0,2,8.67,True,serial
kernel_04_mkII,6,1.07192,18.6582,2,0,2,8.62,True,serial
kernel_04_mkII,7,1.04016,19.2278,2,0,2,8.44,True,serial
kernel_04_mkII,8,1.07512,18.6026,2,0,2,8.63,True,serial
kernel_04_mkII,9,1.09417,18.2787,2,0,2,8.65,True,serial
kernel_04_mkII,10,1.05477,18.9615,2,0,2,8.48,True,serial
kernel_04_mkII_STABLE_ROUNDING,1,0.999148,20.017,2,0,2,8.43,True,serial
kernel_04_mkII_STABLE_ROUNDING,2,1.01059,19.7904,2,0,2,8.55,True,serial
kernel_04_mkII_STABLE_ROUNDING,3,0.996231,20.0757,2,0,2,8.42,True,serial
kernel_04_mkII_STABLE_ROUNDING,4,0.993807,20.1246,2,0,2,8.5,True,serial
kernel_04_mkII_STABLE_ROUNDING,5,0.996114,20.078,2,0,2,8.48,True,serial
kernel_04_mkII_STABLE_ROUNDING,6,0.999527,20.0095,2,0,2,8.58,True,serial
kernel_04_mkII_STABLE_ROUNDING,7,0.997176,20.0566,2,0,2,8.43,True,serial
kernel_04_mkII_STABLE_ROUNDING,8,0.993297,20.135,2,0,2,8.48,True,serial
kernel_04_mkII_STABLE_ROUNDING,9,1.00609,19.8789,2,0,2,8.5,True,serial
kernel_04_mkII_STABLE_ROUNDING,10,0.996884,20.0625,2,0,2,8.5,True,serial
kernel_04_mkII_FMA,1,1.08018,18.5154,2,0,2,8.59,True,serial
kernel_04_mkII_FMA,2,1.07752,18.5611,2,0,2,8.57,True,serial
kernel_04_mkII_FMA,3,1.08811,18.3805,2,0,2,8.6,True,serial
kernel_04_mkII_FMA,4,1.07431,18.6166,2,0,2,8.66,True,serial
kernel_04_mkII_FMA,5,1.08865,18.3714,2,0,2,8.7,True,serial
kernel_04_mkII_FMA,6,1.04787,19.0864,2,0,2,8.47,True,serial
kernel_04_mkII_FMA,7,1.06489,18.7813,2,0,2,8.64,True,serial
kernel_04_mkII_FMA,8,1.08247,18.4762,2,0,2,8.64,True,serial
kernel_04_mkII_FMA,9,1.09134,18.3261,2,0,2,8.65,True,serial
kernel_04_mkII_FMA,10,1.06786,18.7291,2,0,2,8.61,True,serial
kernel_04_mkII_STABLE_ROUNDING_FMA,1,0.980118,20.4057,2,0,2,8.23,True,serial
kernel_04_mkII_STABLE_ROUNDING_FMA,2,1.00856,19.8303,2,0,2,8.48,True,serial
kernel_04_mkII_STABLE_ROUNDING_FMA,3,1.00048,19.9903,2,0,2,8.46,True,serial
kernel_04_mkII_STABLE_ROUNDING_FMA,4,1.00434,19.9136,2,0,2,8.48,True,serial
kernel_04_mkII_STABLE_ROUNDING_FMA,5,1.00493,19.902,2,0,2,8.51,True,serial
kernel_04_mkII_STABLE_ROUNDING_FMA,6,1.00704,19.8602,2,0,2,8.53,True,serial
kernel_04_mkII_STABLE_ROUNDING_FMA,7,1.01432,19.7176,2,0,2,8.48,True,serial
kernel_04_mkII_STABLE_ROUNDING_FMA,8,1.01108,19.7809,2,0,2,8.52,True,serial
kernel_04_mkII_STABLE_ROUNDING_FMA,9,1.00356,19.9291,2,0,2,8.47,True,serial
kernel_04_mkII_STABLE_ROUNDING_FMA,10,1.00151,19.9699,2,0,2,8.45,True,serial
kernel_05_mkII,1,1.02799,19.4554,5,0,5,8.65,True,serial
kernel_05_mkII,2,1.02196,19.5703,5,0,5,8.63,True,serial
kernel_05_mkII,3,1.022,19.5695,5,0,5,8.65,True,serial
kernel_05_mkII,4,1.01752,19.6556,5,0,5,8.63,True,serial
kernel_05_mkII,5,1.02837,19.4482,5,0,5,8.67,True,serial
kernel_05_mkII,6,1.02794,19.4564,5,0,5,8.73,True,serial
kernel_05_mkII,7,1.03314,19.3585,5,0,5,8.78,True,serial
kernel_05_mkII,8,1.01606,19.6839,5,0,5,8.63,True,serial
kernel_05_mkII,9,1.01533,19.6981,5,0,5,8.55,True,serial
kernel_05_mkII,10,1.01037,19.7947,5,0,5,8.58,True,serial
kernel_05_mkII_STABLE_ROUNDING,1,0.879882,22.7303,5,0,5,8.31,True,serial
kernel_05_mkII_STABLE_ROUNDING,2,0.886918,22.55,5,0,5,8.35,True,serial
kernel_05_mkII_STABLE_ROUNDING,3,0.881013,22.7011,5,0,5,8.37,True,serial
kernel_05_mkII_STABLE_ROUNDING,4,0.89525,22.3401,5,0,5,8.43,True,serial
kernel_05_mkII_STABLE_ROUNDING,5,0.882429,22.6647,5,0,5,8.35,True,serial
kernel_05_mkII_STABLE_ROUNDING,6,0.890054,22.4705,5,0,5,8.36,True,serial
kernel_05_mkII_STABLE_ROUNDING,7,0.88478,22.6045,5,0,5,8.31,True,serial
kernel_05_mkII_STABLE_ROUNDING,8,0.88744,22.5367,5,0,5,8.42,True,serial
kernel_05_mkII_STABLE_ROUNDING,9,0.891721,22.4285,5,0,5,8.38,True,serial
kernel_05_mkII_STABLE_ROUNDING,10,0.876843,22.8091,5,0,5,8.38,True,serial
kernel_05_mkII_FMA,1,1.0288,19.4402,5,0,5,8.67,True,serial
kernel_05_mkII_FMA,2,1.03611,19.303,5,0,5,8.72,True,serial
kernel_05_mkII_FMA,3,1.01883,19.6305,5,0,5,8.66,True,serial
kernel_05_mkII_FMA,4,1.02477,19.5167,5,0,5,8.69,True,serial
kernel_05_mkII_FMA,5,1.02692,19.4757,5,0,5,8.68,True,serial
kernel_05_mkII_FMA,6,1.03575,19.3097,5,0,5,8.68,True,serial
kernel_05_mkII_FMA,7,1.02442,19.5233,5,0,5,8.64,True,serial
kernel_05_mkII_FMA,8,1.02335,19.5437,5,0,5,8.63,True,serial
kernel_05_mkII_FMA,9,1.02677,19.4787,5,0,5,8.63,True,serial
kernel_05_mkII_FMA,10,1.02947,19.4274,5,0,5,8.64,True,serial
kernel_05_mkII_STABLE_ROUNDING_FMA,1,0.893985,22.3717,5,0,5,8.29,True,serial
kernel_05_mkII_STABLE_ROUNDING_FMA,2,0.897431,22.2858,5,0,5,8.42,True,serial
kernel_05_mkII_STABLE_ROUNDING_FMA,3,0.899954,22.2234,5,0,5,8.43,True,serial
kernel_05_mkII_STABLE_ROUNDING_FMA,4,0.899225,22.2414,5,0,5,8.44,True,serial
kernel_05_mkII_STABLE_ROUNDING_FMA,5,0.897753,22.2778,5,0,5,8.45,True,serial
kernel_05_mkII_STABLE_ROUNDING_FMA,6,0.901583,22.1832,5,0,5,8.43,True,serial
kernel_05_mkII_STABLE_ROUNDING_FMA,7,0.877613,22.7891,5,0,5,8.21,True,serial
kernel_05_mkII_STABLE_ROUNDING_FMA,8,0.905678,22.0829,5,0,5,8.48,True,serial
kernel_05_mkII_STABLE_ROUNDING_FMA,9,0.903922,22.1258,5,0,5,8.49,True,serial
kernel_05_mkII_STABLE_ROUNDING_FMA,10,0.902366,22.164,5,0,5,8.41,True,serial
kernel_06_mkII,1,0.960487,20.8228,8,0,8,8.62,True,serial
kernel_06_mkII,2,0.952497,20.9974,8,0,8,8.45,True,serial
kernel_06_mkII,3,0.961356,20.8039,8,0,8,8.59,True,serial
kernel_06_mkII,4,0.959317,20.8482,8,0,8,8.48,True,serial
kernel_06_mkII,5,0.949214,21.0701,8,0,8,8.5,True,serial
kernel_06_mkII,6,0.950651,21.0382,8,0,8,8.48,True,serial
kernel_06_mkII,7,0.96214,20.787,8,0,8,8.54,True,serial
kernel_06_mkII,8,0.946036,21.1408,8,0,8,8.54,True,serial
kernel_06_mkII,9,0.962658,20.7758,8,0,8,8.55,True,serial
kernel_06_mkII,10,0.948998,21.0749,8,0,8,8.53,True,serial
kernel_06_mkII_STABLE_ROUNDING,1,0.871625,22.9457,8,0,8,8.39,True,serial
kernel_06_mkII_STABLE_ROUNDING,2,0.848005,23.5848,8,0,8,8.15,True,serial
kernel_06_mkII_STABLE_ROUNDING,3,0.862387,23.1914,8,0,8,8.36,True,serial
kernel_06_mkII_STABLE_ROUNDING,4,0.872994,22.9097,8,0,8,8.41,True,serial
kernel_06_mkII_STABLE_ROUNDING,5,0.862682,23.1835,8,0,8,8.34,True,serial
kernel_06_mkII_STABLE_ROUNDING,6,0.870825,22.9667,8,0,8,8.42,True,serial
kernel_06_mkII_STABLE_ROUNDING,7,0.864268,23.141,8,0,8,8.38,True,serial
kernel_06_mkII_STABLE_ROUNDING,8,0.869503,23.0016,8,0,8,8.42,True,serial
kernel_06_mkII_STABLE_ROUNDING,9,0.875065,22.8554,8,0,8,8.34,True,serial
kernel_06_mkII_STABLE_ROUNDING,10,0.863285,23.1673,8,0,8,8.29,True,serial
kernel_06_mkII_FMA,1,0.959985,20.8337,8,0,8,8.4,True,serial
kernel_06_mkII_FMA,2,0.966654,20.6899,8,0,8,8.56,True,serial
kernel_06_mkII_FMA,3,0.95347,20.976,8,0,8,8.47,True,serial
kernel_06_mkII_FMA,4,0.949994,21.0528,8,0,8,8.51,True,serial
kernel_06_mkII_FMA,5,0.960273,20.8274,8,0,8,8.49,True,serial
kernel_06_mkII_FMA,6,0.960615,20.82,8,0,8,8.57,True,serial
kernel_06_mkII_FMA,7,0.951563,21.018,8,0,8,8.45,True,serial
kernel_06_mkII_FMA,8,0.96303,20.7678,8,0,8,8.56,True,serial
kernel_06_mkII_FMA,9,0.933249,21.4305,8,0,8,8.33,True,serial
kernel_06_mkII_FMA,10,0.967077,20.6809,8,0,8,8.55,True,serial
kernel_06_mkII_STABLE_ROUNDING_FMA,1,0.855663,23.3737,8,0,8,8.31,True,serial
kernel_06_mkII_STABLE_ROUNDING_FMA,2,0.853594,23.4304,8,0,8,8.35,True,serial
kernel_06_mkII_STABLE_ROUNDING_FMA,3,0.848745,23.5642,8,0,8,8.32,True,serial
kernel_06_mkII_STABLE_ROUNDING_FMA,4,0.830207,24.0904,8,0,8,8.11,True,serial
kernel_06_mkII_STABLE_ROUNDING_FMA,5,0.84814,23.581,8,0,8,8.32,True,serial
kernel_06_mkII_STABLE_ROUNDING_FMA,6,0.843982,23.6972,8,0,8,8.27,True,serial
kernel_06_mkII_STABLE_ROUNDING_FMA,7,0.845569,23.6527,8,0,8,8.28,True,serial
kernel_06_mkII_STABLE_ROUNDING_FMA,8,0.841614,23.7639,8,0,8,8.33,True,serial
kernel_06_mkII_STABLE_ROUNDING_FMA,9,0.85617,23.3598,8,0,8,8.41,True,serial
kernel_06_mkII_STABLE_ROUNDING_FMA,10,0.843084,23.7224,8,0,8,8.27,True,serial
kernel_openmp_01_mkII,1,0.482421,41.4576,10000034,0,10000034,8.44,True,openmp
kernel_openmp_01_mkII,2,0.485143,41.2249,10000034,0,10000034,8.35,True,openmp
kernel_openmp_01_mkII,3,0.481818,41.5094,10000034,0,10000034,8.32,True,openmp
kernel_openmp_01_mkII,4,0.48151,41.536,10000034,0,10000034,8.35,True,openmp
kernel_openmp_01_mkII,5,0.483207,41.3901,10000034,0,10000034,8.26,True,openmp
kernel_openmp_01_mkII,6,0.489199,40.8832,10000034,0,10000034,8.35,True,openmp
kernel_openmp_01_mkII,7,0.480683,41.6075,10000034,0,10000034,8.31,True,openmp
kernel_openmp_01_mkII,8,0.488233,40.9641,10000034,0,10000034,8.43,True,openmp
kernel_openmp_01_mkII,9,0.479706,41.6922,10000034,0,10000034,8.32,True,openmp
kernel_openmp_01_mkII,10,0.481754,41.515,10000034,0,10000034,8.31,True,openmp
kernel_openmp_01_mkII_STABLE_ROUNDING,1,0.476175,42.0014,10000034,0,10000034,8.33,True,openmp
kernel_openmp_01_mkII_STABLE_ROUNDING,2,0.47313,42.2717,10000034,0,10000034,8.32,True,openmp
kernel_openmp_01_mkII_STABLE_ROUNDING,3,0.473504,42.2383,10000034,0,10000034,8.15,True,openmp
kernel_openmp_01_mkII_STABLE_ROUNDING,4,0.475439,42.0664,10000034,0,10000034,8.26,True,openmp
kernel_openmp_01_mkII_STABLE_ROUNDING,5,0.470362,42.5205,10000034,0,10000034,8.29,True,openmp
kernel_openmp_01_mkII_STABLE_ROUNDING,6,0.473856,42.2069,10000034,0,10000034,8.23,True,openmp
kernel_openmp_01_mkII_STABLE_ROUNDING,7,0.485705,41.1772,10000034,0,10000034,8.25,True,openmp
kernel_openmp_01_mkII_STABLE_ROUNDING,8,0.472275,42.3482,10000034,0,10000034,8.21,True,openmp
kernel_openmp_01_mkII_STABLE_ROUNDING,9,0.472851,42.2966,10000034,0,10000034,8.2,True,openmp
kernel_openmp_01_mkII_STABLE_ROUNDING,10,0.47136,42.4304,10000034,0,10000034,8.26,True,openmp
kernel_openmp_01_mkII_FMA,1,0.0371455,538.424,34,0,34,7.8,True,openmp
kernel_openmp_01_mkII_FMA,2,0.0359295,556.645,34,0,34,7.87,True,openmp
kernel_openmp_01_mkII_FMA,3,0.0515322,388.107,34,0,34,7.92,True,openmp
kernel_openmp_01_mkII_FMA,4,0.0482421,414.576,34,0,34,7.81,True,openmp
kernel_openmp_01_mkII_FMA,5,0.0515983,387.609,34,0,34,7.85,True,openmp
kernel_openmp_01_mkII_FMA,6,0.0382808,522.455,34,0,34,7.79,True,openmp
kernel_openmp_01_mkII_FMA,7,0.0496084,403.158,34,0,34,7.8,True,openmp
kernel_openmp_01_mkII_FMA,8,0.0530768,376.813,34,0,34,7.74,True,openmp
kernel_openmp_01_mkII_FMA,9,0.0492877,405.78,34,0,34,7.94,True,openmp
kernel_openmp_01_mkII_FMA,10,0.0397673,502.926,34,0,34,7.72,True,openmp
kernel_openmp_01_mkII_STABLE_ROUNDING_FMA,1,0.044765,446.777,34,0,34,7.83,True,openmp
kernel_openmp_01_mkII_STABLE_ROUNDING_FMA,2,0.0477297,419.026,34,0,34,7.85,True,openmp
kernel_openmp_01_mkII_STABLE_ROUNDING_FMA,3,0.0358691,557.583,34,0,34,7.81,True,openmp
kernel_openmp_01_mkII_STABLE_ROUNDING_FMA,4,0.0357663,559.186,34,0,34,7.79,True,openmp
kernel_openmp_01_mkII_STABLE_ROUNDING_FMA,5,0.0360198,555.251,34,0,34,7.74,True,openmp
kernel_openmp_01_mkII_STABLE_ROUNDING_FMA,6,0.0361769,552.84,34,0,34,7.79,True,openmp
kernel_openmp_01_mkII_STABLE_ROUNDING_FMA,7,0.0495311,403.787,34,0,34,7.79,True,openmp
kernel_openmp_01_mkII_STABLE_ROUNDING_FMA,8,0.0364197,549.153,34,0,34,7.82,True,openmp
kernel_openmp_01_mkII_STABLE_ROUNDING_FMA,9,0.0494522,404.431,34,0,34,7.82,True,openmp
kernel_openmp_01_mkII_STABLE_ROUNDING_FMA,10,0.0353593,565.623,34,0,34,7.77,True,openmp
kernel_openmp_02_mkII,1,0.477404,41.8933,10000033,0,10000033,8.42,True,openmp
kernel_openmp_02_mkII,2,0.469164,42.629,10000033,0,10000033,8.37,True,openmp
kernel_openmp_02_mkII,3,0.466328,42.8883,10000033,0,10000033,8.31,True,openmp
kernel_openmp_02_mkII,4,0.469226,42.6234,10000033,0,10000033,8.37,True,openmp
kernel_openmp_02_mkII,5,0.468556,42.6843,10000033,0,10000033,8.28,True,openmp
kernel_openmp_02_mkII,6,0.467594,42.7722,10000033,0,10000033,8.18,True,openmp
kernel_openmp_02_mkII,7,0.469055,42.6389,10000033,0,10000033,8.3,True,openmp
kernel_openmp_02_mkII,8,0.477269,41.9051,10000033,0,10000033,8.41,True,openmp
kernel_openmp_02_mkII,9,0.467382,42.7915,10000033,0,10000033,8.37,True,openmp
kernel_openmp_02_mkII,10,0.468269,42.7105,10000033,0,10000033,8.4,True,openmp
kernel_openmp_02_mkII_STABLE_ROUNDING,1,0.467075,42.8197,10000033,0,10000033,8.32,True,openmp
kernel_openmp_02_mkII_STABLE_ROUNDING,2,0.466643,42.8593,10000033,0,10000033,8.26,True,openmp
kernel_openmp_02_mkII_STABLE_ROUNDING,3,0.467061,42.821,10000033,0,10000033,8.3,True,openmp
kernel_openmp_02_mkII_STABLE_ROUNDING,4,0.467078,42.8194,10000033,0,10000033,8.37,True,openmp
kernel_openmp_02_mkII_STABLE_ROUNDING,5,0.465618,42.9537,10000033,0,10000033,8.25,True,openmp
kernel_openmp_02_mkII_STABLE_ROUNDING,6,0.467992,42.7358,10000033,0,10000033,8.37,True,openmp
kernel_openmp_02_mkII_STABLE_ROUNDING,7,0.465504,42.9642,10000033,0,10000033,8.31,True,openmp
kernel_openmp_02_mkII_STABLE_ROUNDING,8,0.465801,42.9368,10000033,0,10000033,8.41,True,openmp
kernel_openmp_02_mkII_STABLE_ROUNDING,9,0.467663,42.7658,10000033,0,10000033,8.34,True,openmp
kernel_openmp_02_mkII_STABLE_ROUNDING,10,0.467086,42.8187,10000033,0,10000033,8.11,True,openmp
kernel_openmp_02_mkII_FMA,1,0.468058,42.7297,10000033,0,10000033,8.19,True,openmp
kernel_openmp_02_mkII_FMA,2,0.469224,42.6236,10000033,0,10000033,8.31,True,openmp
kernel_openmp_02_mkII_FMA,3,0.467703,42.7621,10000033,0,10000033,8.38,True,openmp
kernel_openmp_02_mkII_FMA,4,0.466917,42.8341,10000033,0,10000033,8.35,True,openmp
kernel_openmp_02_mkII_FMA,5,0.469914,42.5609,10000033,0,10000033,8.35,True,openmp
kernel_openmp_02_mkII_FMA,6,0.466363,42.8851,10000033,0,10000033,8.34,True,openmp
kernel_openmp_02_mkII_FMA,7,0.469665,42.5836,10000033,0,10000033,8.36,True,openmp
kernel_openmp_02_mkII_FMA,8,0.473184,42.2669,10000033,0,10000033,8.43,True,openmp
kernel_openmp_02_mkII_FMA,9,0.477001,41.9286,10000033,0,10000033,8.37,True,openmp
kernel_openmp_02_mkII_FMA,10,0.466848,42.8405,10000033,0,10000033,8.35,True,openmp
kernel_openmp_02_mkII_STABLE_ROUNDING_FMA,1,0.467147,42.8131,10000033,0,10000033,8.26,True,openmp
kernel_openmp_02_mkII_STABLE_ROUNDING_FMA,2,0.467382,42.7916,10000033,0,10000033,8.37,True,openmp
kernel_openmp_02_mkII_STABLE_ROUNDING_FMA,3,0.468541,42.6857,10000033,0,10000033,8.21,True,openmp
kernel_openmp_02_mkII_STABLE_ROUNDING_FMA,4,0.467351,42.7944,10000033,0,10000033,8.23,True,openmp
kernel_openmp_02_mkII_STABLE_ROUNDING_FMA,5,0.46431,43.0746,10000033,0,10000033,8.29,True,openmp
kernel_openmp_02_mkII_STABLE_ROUNDING_FMA,6,0.466715,42.8527,10000033,0,10000033,8.21,True,openmp
kernel_openmp_02_mkII_STABLE_ROUNDING_FMA,7,0.46909,42.6357,10000033,0,10000033,8.29,True,openmp
kernel_openmp_02_mkII_STABLE_ROUNDING_FMA,8,0.465783,42.9384,10000033,0,10000033,8.31,True,openmp
kernel_openmp_02_mkII_STABLE_ROUNDING_FMA,9,0.467322,42.797,10000033,0,10000033,8.3,True,openmp
kernel_openmp_02_mkII_STABLE_ROUNDING_FMA,10,0.467416,42.7884,10000033,0,10000033,8.22,True,openmp
kernel_openmp_03_mkII,1,0.050205,398.367,65,0,65,7.96,True,openmp
kernel_openmp_03_mkII,2,0.0510562,391.725,65,0,65,7.92,True,openmp
kernel_openmp_03_mkII,3,0.0534564,374.137,65,0,65,7.93,True,openmp
kernel_openmp_03_mkII,4,0.050313,397.511,65,0,65,7.93,True,openmp
kernel_openmp_03_mkII,5,0.039232,509.788,65,0,65,8.03,True,openmp
kernel_openmp_03_mkII,6,0.0402654,496.704,65,0,65,7.84,True,openmp
kernel_openmp_03_mkII,7,0.0510117,392.067,65,0,65,7.91,True,openmp
kernel_openmp_03_mkII,8,0.0385905,518.262,65,0,65,7.95,True,openmp
kernel_openmp_03_mkII,9,0.0525214,380.797,65,0,65,7.89,True,openmp
kernel_openmp_03_mkII,10,0.0528282,378.586,65,0,65,7.94,True,openmp
kernel_openmp_03_mkII_STABLE_ROUNDING,1,0.0365387,547.365,65,0,65,7.83,True,openmp
kernel_openmp_03_mkII_STABLE_ROUNDING,2,0.0478854,417.664,65,0,65,7.93,True,openmp
kernel_openmp_03_mkII_STABLE_ROUNDING,3,0.0469851,425.667,65,0,65,7.87,True,openmp
kernel_openmp_03_mkII_STABLE_ROUNDING,4,0.0353536,565.713,65,0,65,7.92,True,openmp
kernel_openmp_03_mkII_STABLE_ROUNDING,5,0.0372968,536.239,65,0,65,7.78,True,openmp
kernel_openmp_03_mkII_STABLE_ROUNDING,6,0.0465953,429.228,65,0,65,7.84,True,openmp
kernel_openmp_03_mkII_STABLE_ROUNDING,7,0.0361427,553.362,65,0,65,7.81,True,openmp
kernel_openmp_03_mkII_STABLE_ROUNDING,8,0.0488718,409.234,65,0,65,7.75,True,openmp
kernel_openmp_03_mkII_STABLE_ROUNDING,9,0.0358224,558.311,65,0,65,7.66,True,openmp
kernel_openmp_03_mkII_STABLE_ROUNDING,10,0.0503844,396.948,65,0,65,7.86,True,openmp
kernel_openmp_03_mkII_FMA,1,0.0412402,484.963,65,0,65,7.92,True,openmp
kernel_openmp_03_mkII_FMA,2,0.0413618,483.538,65,0,65,7.94,True,openmp
kernel_openmp_03_mkII_FMA,3,0.0547269,365.451,65,0,65,7.79,True,openmp
kernel_openmp_03_mkII_FMA,4,0.0485351,412.073,65,0,65,7.93,True,openmp
kernel_openmp_03_mkII_FMA,5,0.0406909,491.51,65,0,65,7.92,True,openmp
kernel_openmp_03_mkII_FMA,6,0.0400704,499.122,65,0,65,7.89,True,openmp
kernel_openmp_03_mkII_FMA,7,0.0408904,489.112,65,0,65,7.86,True,openmp
kernel_openmp_03_mkII_FMA,8,0.0522848,382.52,65,0,65,7.91,True,openmp
kernel_openmp_03_mkII_FMA,9,0.0409921,487.899,65,0,65,8.02,True,openmp
kernel_openmp_03_mkII_FMA,10,0.0414985,481.945,65,0,65,7.85,True,openmp
kernel_openmp_03_mkII_STABLE_ROUNDING_FMA,1,0.0373035,536.143,65,0,65,7.76,True,openmp
kernel_openmp_03_mkII_STABLE_ROUNDING_FMA,2,0.0365709,546.883,65,0,65,7.71,True,openmp
kernel_openmp_03_mkII_STABLE_ROUNDING_FMA,3,0.0507556,394.045,65,0,65,7.83,True,openmp
kernel_openmp_03_mkII_STABLE_ROUNDING_FMA,4,0.0371099,538.939,65,0,65,7.77,True,openmp
kernel_openmp_03_mkII_STABLE_ROUNDING_FMA,5,0.0473591,422.305,65,0,65,7.87,True,openmp
kernel_openmp_03_mkII_STABLE_ROUNDING_FMA,6,0.0354525,564.135,65,0,65,7.9,True,openmp
kernel_openmp_03_mkII_STABLE_ROUNDING_FMA,7,0.0400307,499.617,65,0,65,7.94,True,openmp
kernel_openmp_03_mkII_STABLE_ROUNDING_FMA,8,0.0474033,421.912,65,0,65,7.83,True,openmp
kernel_openmp_03_mkII_STABLE_ROUNDING_FMA,9,0.0500289,399.769,65,0,65,7.78,True,openmp
kernel_openmp_03_mkII_STABLE_ROUNDING_FMA,10,0.0468631,426.775,65,0,65,7.82,True,openmp
kernel_openmp_04_mkII,1,0.0524398,381.39,65,0,65,8.02,True,openmp
kernel_openmp_04_mkII,2,0.0449074,445.361,65,0,65,7.93,True,openmp
kernel_openmp_04_mkII,3,0.0582711,343.223,65,0,65,7.96,True,openmp
kernel_openmp_04_mkII,4,0.0599653,333.526,65,0,65,8.01,True,openmp
kernel_openmp_04_mkII,5,0.0545913,366.358,65,0,65,8.01,True,openmp
kernel_openmp_04_mkII,6,0.0438859,455.727,65,0,65,7.96,True,openmp
kernel_openmp_04_mkII,7,0.0595443,335.884,65,0,65,7.87,True,openmp
kernel_openmp_04_mkII,8,0.0513786,389.267,65,0,65,7.92,True,openmp
kernel_openmp_04_mkII,9,0.0603578,331.358,65,0,65,7.88,True,openmp
kernel_openmp_04_mkII,10,0.0602614,331.888,65,0,65,7.87,True,openmp
kernel_openmp_04_mkII_STABLE_ROUNDING,1,0.0414454,482.563,65,0,65,7.91,True,openmp
kernel_openmp_04_mkII_STABLE_ROUNDING,2,0.0512088,390.558,65,0,65,7.82,True,openmp
kernel_openmp_04_mkII_STABLE_ROUNDING,3,0.0548227,364.813,65,0,65,7.84,True,openmp
kernel_openmp_04_mkII_STABLE_ROUNDING,4,0.0497716,401.835,65,0,65,7.8,True,openmp
kernel_openmp_04_mkII_STABLE_ROUNDING,5,0.0500679,399.458,65,0,65,7.9,True,openmp
kernel_openmp_04_mkII_STABLE_ROUNDING,6,0.0492528,406.068,65,0,65,7.88,True,openmp
kernel_openmp_04_mkII_STABLE_ROUNDING,7,0.0472224,423.528,65,0,65,7.82,True,openmp
kernel_openmp_04_mkII_STABLE_ROUNDING,8,0.0538662,371.29,65,0,65,7.93,True,openmp
kernel_openmp_04_mkII_STABLE_ROUNDING,9,0.0501696,398.648,65,0,65,7.89,True,openmp
kernel_openmp_04_mkII_STABLE_ROUNDING,10,0.0507362,394.196,65,0,65,7.86,True,openmp
kernel_openmp_04_mkII_FMA,1,0.0440745,453.777,65,0,65,7.76,True,openmp
kernel_openmp_04_mkII_FMA,2,0.0450401,444.049,65,0,65,7.92,True,openmp
kernel_openmp_04_mkII_FMA,3,0.0450745,443.709,65,0,65,7.92,True,openmp
kernel_openmp_04_mkII_FMA,4,0.0524668,381.194,65,0,65,7.92,True,openmp
kernel_openmp_04_mkII_FMA,5,0.0450567,443.885,65,0,65,7.88,True,openmp
kernel_openmp_04_mkII_FMA,6,0.0456079,438.521,65,0,65,7.91,True,openmp
kernel_openmp_04_mkII_FMA,7,0.0576978,346.634,65,0,65,7.89,True,openmp
kernel_openmp_04_mkII_FMA,8,0.0546282,366.111,65,0,65,7.94,True,openmp
kernel_openmp_04_mkII_FMA,9,0.0459623,435.139,65,0,65,7.97,True,openmp
kernel_openmp_04_mkII_FMA,10,0.059257,337.513,65,0,65,7.91,True,openmp
kernel_openmp_04_mkII_STABLE_ROUNDING_FMA,1,0.0543501,367.985,65,0,65,7.83,True,openmp
kernel_openmp_04_mkII_STABLE_ROUNDING_FMA,2,0.0411124,486.471,65,0,65,7.75,True,openmp
kernel_openmp_04_mkII_STABLE_ROUNDING_FMA,3,0.0420864,475.213,65,0,65,7.94,True,openmp
kernel_openmp_04_mkII_STABLE_ROUNDING_FMA,4,0.041504,481.881,65,0,65,7.85,True,openmp
kernel_openmp_04_mkII_STABLE_ROUNDING_FMA,5,0.0511766,390.803,65,0,65,7.71,True,openmp
kernel_openmp_04_mkII_STABLE_ROUNDING_FMA,6,0.0471347,424.316,65,0,65,7.79,True,openmp
kernel_openmp_04_mkII_STABLE_ROUNDING_FMA,7,0.0440972,453.544,65,0,65,7.78,True,openmp
kernel_openmp_04_mkII_STABLE_ROUNDING_FMA,8,0.0549193,364.171,65,0,65,7.75,True,openmp
kernel_openmp_04_mkII_STABLE_ROUNDING_FMA,9,0.042451,471.131,65,0,65,7.77,True,openmp
kernel_openmp_04_mkII_STABLE_ROUNDING_FMA,10,0.041267,484.649,65,0,65,7.86,True,openmp
kernel_openmp_05_mkII,1,0.0550463,363.33,161,0,161,7.86,True,openmp
kernel_openmp_05_mkII,2,0.0413435,483.751,161,0,161,7.97,True,openmp
kernel_openmp_05_mkII,3,0.0403322,495.881,161,0,161,7.81,True,openmp
kernel_openmp_05_mkII,4,0.0541405,369.409,161,0,161,7.93,True,openmp
kernel_openmp_05_mkII,5,0.041189,485.567,161,0,161,7.94,True,openmp
kernel_openmp_05_mkII,6,0.0406914,491.504,161,0,161,7.96,True,openmp
kernel_openmp_05_mkII,7,0.053014,377.259,161,0,161,7.85,True,openmp
kernel_openmp_05_mkII,8,0.0418544,477.847,161,0,161,8.04,True,openmp
kernel_openmp_05_mkII,9,0.0398117,502.365,161,0,161,7.91,True,openmp
kernel_openmp_05_mkII,10,0.0410292,487.458,161,0,161,7.82,True,openmp
kernel_openmp_05_mkII_STABLE_ROUNDING,1,0.0387412,516.246,161,0,161,7.75,True,openmp
kernel_openmp_05_mkII_STABLE_ROUNDING,2,0.0368465,542.793,161,0,161,7.75,True,openmp
kernel_openmp_05_mkII_STABLE_ROUNDING,3,0.0471267,424.387,161,0,161,7.81,True,openmp
kernel_openmp_05_mkII_STABLE_ROUNDING,4,0.0510669,391.643,161,0,161,7.87,True,openmp
kernel_openmp_05_mkII_STABLE_ROUNDING,5,0.0508353,393.427,161,0,161,7.91,True,openmp
kernel_openmp_05_mkII_STABLE_ROUNDING,6,0.0385497,518.811,161,0,161,7.84,True,openmp
kernel_openmp_05_mkII_STABLE_ROUNDING,7,0.046818,427.186,161,0,161,7.85,True,openmp
kernel_openmp_05_mkII_STABLE_ROUNDING,8,0.0456707,437.918,161,0,161,7.84,True,openmp
kernel_openmp_05_mkII_STABLE_ROUNDING,9,0.0473647,422.256,161,0,161,7.86,True,openmp
kernel_openmp_05_mkII_STABLE_ROUNDING,10,0.0498509,401.197,161,0,161,7.85,True,openmp
kernel_openmp_05_mkII_FMA,1,0.0408133,490.037,161,0,161,7.84,True,openmp
kernel_openmp_05_mkII_FMA,2,0.0433088,461.799,161,0,161,7.72,True,openmp
kernel_openmp_05_mkII_FMA,3,0.052258,382.717,161,0,161,7.84,True,openmp
kernel_openmp_05_mkII_FMA,4,0.0537468,372.115,161,0,161,7.91,True,openmp
kernel_openmp_05_mkII_FMA,5,0.0496178,403.081,161,0,161,7.89,True,openmp
kernel_openmp_05_mkII_FMA,6,0.0400621,499.226,161,0,161,7.8,True,openmp
kernel_openmp_05_mkII_FMA,7,0.050816,393.576,161,0,161,7.66,True,openmp
kernel_openmp_05_mkII_FMA,8,0.0401013,498.737,161,0,161,7.87,True,openmp
kernel_openmp_05_mkII_FMA,9,0.0413094,484.151,161,0,161,7.9,True,openmp
kernel_openmp_05_mkII_FMA,10,0.0540615,369.949,161,0,161,7.89,True,openmp
kernel_openmp_05_mkII_STABLE_ROUNDING_FMA,1,0.0366354,545.921,161,0,161,7.65,True,openmp
kernel_openmp_05_mkII_STABLE_ROUNDING_FMA,2,0.0444427,450.018,161,0,161,7.8,True,openmp
kernel_openmp_05_mkII_STABLE_ROUNDING_FMA,3,0.0450591,443.862,161,0,161,7.89,True,openmp
kernel_openmp_05_mkII_STABLE_ROUNDING_FMA,4,0.0372514,536.892,161,0,161,7.78,True,openmp
kernel_openmp_05_mkII_STABLE_ROUNDING_FMA,5,0.0370103,540.391,161,0,161,7.83,True,openmp
kernel_openmp_05_mkII_STABLE_ROUNDING_FMA,6,0.0373644,535.269,161,0,161,7.84,True,openmp
kernel_openmp_05_mkII_STABLE_ROUNDING_FMA,7,0.0497976,401.626,161,0,161,7.85,True,openmp
kernel_openmp_05_mkII_STABLE_ROUNDING_FMA,8,0.0550672,363.192,161,0,161,7.9,True,openmp
kernel_openmp_05_mkII_STABLE_ROUNDING_FMA,9,0.0475992,420.175,161,0,161,7.81,True,openmp
kernel_openmp_05_mkII_STABLE_ROUNDING_FMA,10,0.0375938,532.002,161,0,161,7.77,True,openmp
kernel_openmp_06_mkII,1,0.0389587,513.364,257,0,257,8.02,True,openmp
kernel_openmp_06_mkII,2,0.0454994,439.566,257,0,257,7.86,True,openmp
kernel_openmp_06_mkII,3,0.0382967,522.238,257,0,257,7.81,True,openmp
kernel_openmp_06_mkII,4,0.0392335,509.768,257,0,257,7.91,True,openmp
kernel_openmp_06_mkII,5,0.0501778,398.583,257,0,257,8.01,True,openmp
kernel_openmp_06_mkII,6,0.0395912,505.162,257,0,257,7.79,True,openmp
kernel_openmp_06_mkII,7,0.0470472,425.105,257,0,257,7.92,True,openmp
kernel_openmp_06_mkII,8,0.0447914,446.514,257,0,257,7.99,True,openmp
kernel_openmp_06_mkII,9,0.0401996,497.517,257,0,257,7.89,True,openmp
kernel_openmp_06_mkII,10,0.0381544,524.186,257,0,257,7.93,True,openmp
kernel_openmp_06_mkII_STABLE_ROUNDING,1,0.0498117,401.512,257,0,257,7.68,True,openmp
kernel_openmp_06_mkII_STABLE_ROUNDING,2,0.0491985,406.516,257,0,257,7.83,True,openmp
kernel_openmp_06_mkII_STABLE_ROUNDING,3,0.0368131,543.285,257,0,257,7.88,True,openmp
kernel_openmp_06_mkII_STABLE_ROUNDING,4,0.0462971,431.993,257,0,257,7.93,True,openmp
kernel_openmp_06_mkII_STABLE_ROUNDING,5,0.049262,405.992,257,0,257,7.96,True,openmp
kernel_openmp_06_mkII_STABLE_ROUNDING,6,0.0487294,410.43,257,0,257,7.9,True,openmp
kernel_openmp_06_mkII_STABLE_ROUNDING,7,0.034958,572.116,257,0,257,7.86,True,openmp
kernel_openmp_06_mkII_STABLE_ROUNDING,8,0.0350922,569.927,257,0,257,7.81,True,openmp
kernel_openmp_06_mkII_STABLE_ROUNDING,9,0.0359049,557.027,257,0,257,7.88,True,openmp
kernel_openmp_06_mkII_STABLE_ROUNDING,10,0.0463999,431.036,257,0,257,7.72,True,openmp
kernel_openmp_06_mkII_FMA,1,0.0545364,366.727,257,0,257,7.99,True,openmp
kernel_openmp_06_mkII_FMA,2,0.0503024,397.595,257,0,257,7.92,True,openmp
kernel_openmp_06_mkII_FMA,3,0.0395434,505.774,257,0,257,7.89,True,openmp
kernel_openmp_06_mkII_FMA,4,0.0501812,398.556,257,0,257,7.88,True,openmp
kernel_openmp_06_mkII_FMA,5,0.0464455,430.612,257,0,257,7.89,True,openmp
kernel_openmp_06_mkII_FMA,6,0.0520929,383.929,257,0,257,8.0,True,openmp
kernel_openmp_06_mkII_FMA,7,0.0386245,517.806,257,0,257,7.89,True,openmp
kernel_openmp_06_mkII_FMA,8,0.0380538,525.572,257,0,257,7.89,True,openmp
kernel_openmp_06_mkII_FMA,9,0.0376783,530.81,257,0,257,7.87,True,openmp
kernel_openmp_06_mkII_FMA,10,0.0408413,489.7,257,0,257,7.92,True,openmp
kernel_openmp_06_mkII_STABLE_ROUNDING_FMA,1,0.0416565,480.117,257,0,257,7.85,True,openmp
kernel_openmp_06_mkII_STABLE_ROUNDING_FMA,2,0.0344848,579.965,257,0,257,7.82,True,openmp
kernel_openmp_06_mkII_STABLE_ROUNDING_FMA,3,0.0380566,525.533,257,0,257,7.86,True,openmp
kernel_openmp_06_mkII_STABLE_ROUNDING_FMA,4,0.046947,426.012,257,0,257,7.8,True,openmp
kernel_openmp_06_mkII_STABLE_ROUNDING_FMA,5,0.0495063,403.989,257,0,257,7.81,True,openmp
kernel_openmp_06_mkII_STABLE_ROUNDING_FMA,6,0.0488006,409.831,257,0,257,7.79,True,openmp
kernel_openmp_06_mkII_STABLE_ROUNDING_FMA,7,0.0500698,399.442,257,0,257,7.8,True,openmp
kernel_openmp_06_mkII_STABLE_ROUNDING_FMA,8,0.0485754,411.731,257,0,257,7.75,True,openmp
kernel_openmp_06_mkII_STABLE_ROUNDING_FMA,9,0.0351554,568.903,257,0,257,7.77,True,openmp
kernel_openmp_06_mkII_STABLE_ROUNDING_FMA,10,0.0474088,421.863,257,0,257,7.91,True,openmp
