variant,run,elapsed_seconds,mflops,alloc,realloc,free,wall_seconds,diff_ok,mode
C_native_01,1,8.61031,23.228,2,0,2,83.2,True,serial
C_native_01,2,8.56326,23.3556,2,0,2,82.48,True,serial
C_native_01,3,8.5576,23.371,2,0,2,82.36,True,serial
C_native_01,4,8.57796,23.3156,2,0,2,82.38,True,serial
C_native_01,5,8.58219,23.3041,2,0,2,82.5,True,serial
C_native_01,6,8.55117,23.3886,2,0,2,82.81,True,serial
C_native_01,7,8.57121,23.3339,2,0,2,82.95,True,serial
C_native_01,8,8.56442,23.3524,2,0,2,81.06,True,serial
C_native_01,9,8.54856,23.3958,2,0,2,81.79,True,serial
C_native_01,10,8.5998,23.2564,2,0,2,82.63,True,serial
C_native_01_FMA,1,8.56086,23.3621,1,0,1,82.19,True,serial
C_native_01_FMA,2,8.72073,22.9338,1,0,1,82.52,True,serial
C_native_01_FMA,3,8.67962,23.0425,1,0,1,82.31,True,serial
C_native_01_FMA,4,8.51517,23.4875,1,0,1,82.44,True,serial
C_native_01_FMA,5,8.57999,23.31,1,0,1,82.51,True,serial
C_native_01_FMA,6,8.6013,23.2523,1,0,1,82.06,True,serial
C_native_01_FMA,7,8.56202,23.359,1,0,1,82.08,True,serial
C_native_01_FMA,8,8.56254,23.3575,1,0,1,82.27,True,serial
C_native_01_FMA,9,8.70921,22.9642,1,0,1,81.85,True,serial
C_native_01_FMA,10,8.59971,23.2566,1,0,1,82.31,True,serial
C_native_openmp_01,1,0.31216,640.697,64,0,64,76.99,True,openmp
C_native_openmp_01,2,0.412941,484.331,64,0,64,76.81,True,openmp
C_native_openmp_01,3,0.313487,637.984,64,0,64,76.35,True,openmp
C_native_openmp_01,4,0.325377,614.672,64,0,64,76.67,True,openmp
C_native_openmp_01,5,0.418004,478.464,64,0,64,76.6,True,openmp
C_native_openmp_01,6,0.386104,517.995,64,0,64,76.67,True,openmp
C_native_openmp_01,7,0.317027,630.861,64,0,64,75.75,True,openmp
C_native_openmp_01,8,0.31366,637.633,64,0,64,77.42,True,openmp
C_native_openmp_01,9,0.304668,656.452,64,0,64,76.37,True,openmp
C_native_openmp_01,10,0.311346,642.372,64,0,64,76.37,True,openmp
C_native_openmp_01_FMA,1,0.307905,649.55,32,0,32,76.56,True,openmp
C_native_openmp_01_FMA,2,0.302687,660.748,32,0,32,77.05,True,openmp
C_native_openmp_01_FMA,3,0.309509,646.184,32,0,32,76.56,True,openmp
C_native_openmp_01_FMA,4,0.301041,664.361,32,0,32,76.62,True,openmp
C_native_openmp_01_FMA,5,0.315681,633.552,32,0,32,76.91,True,openmp
C_native_openmp_01_FMA,6,0.309555,646.088,32,0,32,76.63,True,openmp
C_native_openmp_01_FMA,7,0.308787,647.695,32,0,32,76.6,True,openmp
C_native_openmp_01_FMA,8,0.406507,491.996,32,0,32,77.48,True,openmp
C_native_openmp_01_FMA,9,0.410752,486.911,32,0,32,78.78,True,openmp
C_native_openmp_01_FMA,10,0.413273,483.941,32,0,32,78.12,True,openmp
kernel_01_mkII,1,11.3274,17.6564,100000001,0,100000001,85.31,True,serial
kernel_01_mkII,2,11.2363,17.7994,100000001,0,100000001,85.77,True,serial
kernel_01_mkII,3,11.327,17.6569,100000001,0,100000001,84.52,True,serial
kernel_01_mkII,4,11.2293,17.8105,100000001,0,100000001,85.36,True,serial
kernel_01_mkII,5,11.4934,17.4013,100000001,0,100000001,85.21,True,serial
kernel_01_mkII,6,11.3154,17.675,100000001,0,100000001,84.26,True,serial
kernel_01_mkII,7,11.1766,17.8945,100000001,0,100000001,84.04,True,serial
kernel_01_mkII,8,11.1742,17.8984,100000001,0,100000001,84.6,True,serial
kernel_01_mkII,9,11.5236,17.3557,100000001,0,100000001,84.8,True,serial
kernel_01_mkII,10,11.0813,18.0484,100000001,0,100000001,84.0,True,serial
kernel_01_mkII_STABLE_ROUNDING,1,10.4844,19.076,100000001,0,100000001,82.23,True,serial
kernel_01_mkII_STABLE_ROUNDING,2,10.6353,18.8053,100000001,0,100000001,82.87,True,serial
kernel_01_mkII_STABLE_ROUNDING,3,10.411,19.2104,100000001,0,100000001,81.84,True,serial
kernel_01_mkII_STABLE_ROUNDING,4,10.4674,19.1069,100000001,0,100000001,82.92,True,serial
kernel_01_mkII_STABLE_ROUNDING,5,10.6475,18.7837,100000001,0,100000001,82.65,True,serial
kernel_01_mkII_STABLE_ROUNDING,6,10.3977,19.235,100000001,0,100000001,82.88,True,serial
kernel_01_mkII_STABLE_ROUNDING,7,10.4653,19.1108,100000001,0,100000001,83.2,True,serial
kernel_01_mkII_STABLE_ROUNDING,8,10.4539,19.1317,100000001,0,100000001,82.51,True,serial
kernel_01_mkII_STABLE_ROUNDING,9,10.4975,19.0522,100000001,0,100000001,82.77,True,serial
kernel_01_mkII_STABLE_ROUNDING,10,10.6728,18.7392,100000001,0,100000001,83.02,True,serial
kernel_01_mkII_FMA,1,9.17025,21.8097,1,0,1,80.56,True,serial
kernel_01_mkII_FMA,2,9.10731,21.9604,1,0,1,82.65,True,serial
kernel_01_mkII_FMA,3,9.12149,21.9263,1,0,1,81.83,True,serial
kernel_01_mkII_FMA,4,8.91919,22.4236,1,0,1,80.71,True,serial
kernel_01_mkII_FMA,5,9.14807,21.8625,1,0,1,82.67,True,serial
kernel_01_mkII_FMA,6,9.09285,21.9953,1,0,1,82.1,True,serial
kernel_01_mkII_FMA,7,9.19097,21.7605,1,0,1,81.37,True,serial
kernel_01_mkII_FMA,8,9.11275,21.9473,1,0,1,82.42,True,serial
kernel_01_mkII_FMA,9,9.01511,22.185,1,0,1,81.67,True,serial
kernel_01_mkII_FMA,10,9.25098,21.6193,1,0,1,81.84,True,serial
kernel_01_mkII_STABLE_ROUNDING_FMA,1,8.62449,23.1898,1,0,1,80.88,True,serial
kernel_01_mkII_STABLE_ROUNDING_FMA,2,8.5837,23.3,1,0,1,80.48,True,serial
kernel_01_mkII_STABLE_ROUNDING_FMA,3,8.58057,23.3085,1,0,1,81.0,True,serial
kernel_01_mkII_STABLE_ROUNDING_FMA,4,8.77613,22.7891,1,0,1,82.07,True,serial
kernel_01_mkII_STABLE_ROUNDING_FMA,5,8.81679,22.684,1,0,1,82.72,True,serial
kernel_01_mkII_STABLE_ROUNDING_FMA,6,8.69955,22.9897,1,0,1,82.42,True,serial
kernel_01_mkII_STABLE_ROUNDING_FMA,7,8.70279,22.9811,1,0,1,82.1,True,serial
kernel_01_mkII_STABLE_ROUNDING_FMA,8,8.83786,22.6299,1,0,1,82.68,True,serial
kernel_01_mkII_STABLE_ROUNDING_FMA,9,8.72332,22.927,1,0,1,82.37,True,serial
kernel_01_mkII_STABLE_ROUNDING_FMA,10,8.7814,22.7754,1,0,1,82.89,True,serial
kernel_02_mkII,1,12.7375,15.7017,100000001,0,100000001,87.98,True,serial
kernel_02_mkII,2,12.5195,15.975,100000001,0,100000001,87.25,True,serial
kernel_02_mkII,3,12.4335,16.0855,100000001,0,100000001,87.57,True,serial
kernel_02_mkII,4,12.4401,16.077,100000001,0,100000001,87.47,True,serial
kernel_02_mkII,5,12.781,15.6483,100000001,0,100000001,87.89,True,serial
kernel_02_mkII,6,12.4307,16.0892,100000001,0,100000001,87.79,True,serial
kernel_02_mkII,7,12.5438,15.9442,100000001,0,100000001,87.72,True,serial
kernel_02_mkII,8,12.5707,15.91,100000001,0,100000001,88.1,True,serial
kernel_02_mkII,9,12.4141,16.1107,100000001,0,100000001,87.43,True,serial
kernel_02_mkII,10,12.4113,16.1143,100000001,0,100000001,87.12,True,serial
kernel_02_mkII_STABLE_ROUNDING,1,10.8551,18.4246,100000001,0,100000001,85.99,True,serial
kernel_02_mkII_STABLE_ROUNDING,2,10.7936,18.5294,100000001,0,100000001,85.21,True,serial
kernel_02_mkII_STABLE_ROUNDING,3,10.8049,18.5101,100000001,0,100000001,85.68,True,serial
kernel_02_mkII_STABLE_ROUNDING,4,10.8543,18.4259,100000001,0,100000001,85.85,True,serial
kernel_02_mkII_STABLE_ROUNDING,5,10.8519,18.4299,100000001,0,100000001,85.36,True,serial
kernel_02_mkII_STABLE_ROUNDING,6,10.9029,18.3438,100000001,0,100000001,85.28,True,serial
kernel_02_mkII_STABLE_ROUNDING,7,10.7671,18.5752,100000001,0,100000001,85.44,True,serial
kernel_02_mkII_STABLE_ROUNDING,8,10.8181,18.4876,100000001,0,100000001,85.21,True,serial
kernel_02_mkII_STABLE_ROUNDING,9,10.9226,18.3107,100000001,0,100000001,86.24,True,serial
kernel_02_mkII_STABLE_ROUNDING,10,10.5783,18.9066,100000001,0,100000001,83.91,True,serial
kernel_02_mkII_FMA,1,11.5948,17.2491,100000001,0,100000001,86.88,True,serial
kernel_02_mkII_FMA,2,11.7128,17.0753,100000001,0,100000001,86.72,True,serial
kernel_02_mkII_FMA,3,11.7458,17.0274,100000001,0,100000001,87.23,True,serial
kernel_02_mkII_FMA,4,11.7745,16.9859,100000001,0,100000001,87.6,True,serial
kernel_02_mkII_FMA,5,11.9838,16.6892,100000001,0,100000001,86.91,True,serial
kernel_02_mkII_FMA,6,11.411,17.5269,100000001,0,100000001,86.34,True,serial
kernel_02_mkII_FMA,7,11.5186,17.3632,100000001,0,100000001,86.54,True,serial
kernel_02_mkII_FMA,8,11.6301,17.1967,100000001,0,100000001,86.36,True,serial
kernel_02_mkII_FMA,9,11.9017,16.8043,100000001,0,100000001,87.2,True,serial
kernel_02_mkII_FMA,10,11.5716,17.2837,100000001,0,100000001,87.78,True,serial
kernel_02_mkII_STABLE_ROUNDING_FMA,1,11.8431,16.8875,100000001,0,100000001,87.18,True,serial
kernel_02_mkII_STABLE_ROUNDING_FMA,2,11.8895,16.8216,100000001,0,100000001,85.89,True,serial
kernel_02_mkII_STABLE_ROUNDING_FMA,3,11.8928,16.8169,100000001,0,100000001,86.38,True,serial
kernel_02_mkII_STABLE_ROUNDING_FMA,4,11.8483,16.8801,100000001,0,100000001,85.85,True,serial
kernel_02_mkII_STABLE_ROUNDING_FMA,5,11.5819,17.2684,100000001,0,100000001,86.09,True,serial
kernel_02_mkII_STABLE_ROUNDING_FMA,6,12.0204,16.6383,100000001,0,100000001,86.47,True,serial
kernel_02_mkII_STABLE_ROUNDING_FMA,7,11.8296,16.9068,100000001,0,100000001,86.05,True,serial
kernel_02_mkII_STABLE_ROUNDING_FMA,8,11.9208,16.7775,100000001,0,100000001,85.73,True,serial
kernel_02_mkII_STABLE_ROUNDING_FMA,9,11.9417,16.748,100000001,0,100000001,87.01,True,serial
kernel_02_mkII_STABLE_ROUNDING_FMA,10,11.9936,16.6756,100000001,0,100000001,86.2,True,serial
kernel_03_mkII,1,9.72618,20.5631,2,0,2,85.58,True,serial
kernel_03_mkII,2,9.5307,20.9848,2,0,2,84.81,True,serial
kernel_03_mkII,3,9.72267,20.5705,2,0,2,84.77,True,serial
kernel_03_mkII,4,9.80021,20.4077,2,0,2,85.86,True,serial
kernel_03_mkII,5,9.65741,20.7095,2,0,2,85.36,True,serial
kernel_03_mkII,6,9.68108,20.6588,2,0,2,85.08,True,serial
kernel_03_mkII,7,9.64573,20.7346,2,0,2,84.56,True,serial
kernel_03_mkII,8,9.69087,20.638,2,0,2,84.99,True,serial
kernel_03_mkII,9,9.65794,20.7084,2,0,2,84.55,True,serial
kernel_03_mkII,10,9.53344,20.9788,2,0,2,85.22,True,serial
kernel_03_mkII_STABLE_ROUNDING,1,8.8113,22.6981,2,0,2,83.04,True,serial
kernel_03_mkII_STABLE_ROUNDING,2,8.76544,22.8169,2,0,2,83.19,True,serial
kernel_03_mkII_STABLE_ROUNDING,3,8.61317,23.2203,2,0,2,81.84,True,serial
kernel_03_mkII_STABLE_ROUNDING,4,8.77184,22.8002,2,0,2,83.03,True,serial
kernel_03_mkII_STABLE_ROUNDING,5,8.84069,22.6227,2,0,2,82.69,True,serial
kernel_03_mkII_STABLE_ROUNDING,6,8.72081,22.9336,2,0,2,82.4,True,serial
kernel_03_mkII_STABLE_ROUNDING,7,8.69718,22.996,2,0,2,82.98,True,serial
kernel_03_mkII_STABLE_ROUNDING,8,8.74694,22.8651,2,0,2,82.96,True,serial
kernel_03_mkII_STABLE_ROUNDING,9,8.53851,23.4233,2,0,2,81.25,True,serial
kernel_03_mkII_STABLE_ROUNDING,10,8.6369,23.1565,2,0,2,81.56,True,serial
kernel_03_mkII_FMA,1,9.36639,21.3529,2,0,2,82.83,True,serial
kernel_03_mkII_FMA,2,9.58895,20.8573,2,0,2,82.9,True,serial
kernel_03_mkII_FMA,3,9.48703,21.0814,2,0,2,83.21,True,serial
kernel_03_mkII_FMA,4,9.34542,21.4009,2,0,2,82.78,True,serial
kernel_03_mkII_FMA,5,9.49085,21.0729,2,0,2,82.78,True,serial
kernel_03_mkII_FMA,6,9.44126,21.1836,2,0,2,82.92,True,serial
kernel_03_mkII_FMA,7,9.53043,20.9854,2,0,2,82.69,True,serial
kernel_03_mkII_FMA,8,9.49019,21.0744,2,0,2,82.52,True,serial
kernel_03_mkII_FMA,9,9.66379,20.6958,2,0,2,83.11,True,serial
kernel_03_mkII_FMA,10,9.50209,21.048,2,0,2,83.04,True,serial
kernel_03_mkII_STABLE_ROUNDING_FMA,1,8.63736,23.1552,2,0,2,80.98,True,serial
kernel_03_mkII_STABLE_ROUNDING_FMA,2,8.55649,23.3741,2,0,2,81.12,True,serial
kernel_03_mkII_STABLE_ROUNDING_FMA,3,8.58094,23.3075,2,0,2,81.04,True,serial
kernel_03_mkII_STABLE_ROUNDING_FMA,4,8.78956,22.7543,2,0,2,81.51,True,serial
kernel_03_mkII_STABLE_ROUNDING_FMA,5,8.68246,23.0349,2,0,2,80.87,True,serial
kernel_03_mkII_STABLE_ROUNDING_FMA,6,8.62433,23.1902,2,0,2,81.51,True,serial
kernel_03_mkII_STABLE_ROUNDING_FMA,7,8.71891,22.9386,2,0,2,81.57,True,serial
kernel_03_mkII_STABLE_ROUNDING_FMA,8,8.57049,23.3359,2,0,2,81.14,True,serial
kernel_03_mkII_STABLE_ROUNDING_FMA,9,8.5385,23.4233,2,0,2,80.96,True,serial
kernel_03_mkII_STABLE_ROUNDING_FMA,10,8.54667,23.4009,2,0,2,81.12,True,serial
kernel_04_mkII,1,10.5649,18.9306,2,0,2,84.0,True,serial
kernel_04_mkII,2,10.924,18.3083,2,0,2,84.69,True,serial
kernel_04_mkII,3,10.5955,18.876,2,0,2,84.27,True,serial
kernel_04_mkII,4,10.7237,18.6502,2,0,2,84.99,True,serial
kernel_04_mkII,5,10.6773,18.7313,2,0,2,83.91,True,serial
kernel_04_mkII,6,10.702,18.6881,2,0,2,84.48,True,serial
kernel_04_mkII,7,10.6859,18.7162,2,0,2,84.42,True,serial
kernel_04_mkII,8,10.7523,18.6008,2,0,2,84.5,True,serial
kernel_04_mkII,9,10.728,18.6427,2,0,2,84.25,True,serial
kernel_04_mkII,10,10.7972,18.5233,2,0,2,84.63,True,serial
kernel_04_mkII_STABLE_ROUNDING,1,10.0574,19.8858,2,0,2,83.57,True,serial
kernel_04_mkII_STABLE_ROUNDING,2,10.0305,19.9392,2,0,2,83.41,True,serial
kernel_04_mkII_STABLE_ROUNDING,3,10.0129,19.9742,2,0,2,83.3,True,serial
kernel_04_mkII_STABLE_ROUNDING,4,10.0076,19.9847,2,0,2,82.8,True,serial
kernel_04_mkII_STABLE_ROUNDING,5,9.98235,20.0354,2,0,2,82.59,True,serial
kernel_04_mkII_STABLE_ROUNDING,6,9.93619,20.1284,2,0,2,82.51,True,serial
kernel_04_mkII_STABLE_ROUNDING,7,9.96591,20.0684,2,0,2,82.61,True,serial
kernel_04_mkII_STABLE_ROUNDING,8,10.0652,19.8705,2,0,2,82.67,True,serial
kernel_04_mkII_STABLE_ROUNDING,9,9.92696,20.1472,2,0,2,82.76,True,serial
kernel_04_mkII_STABLE_ROUNDING,10,9.96606,20.0681,2,0,2,83.43,True,serial
kernel_04_mkII_FMA,1,10.6948,18.7006,2,0,2,83.7,True,serial
kernel_04_mkII_FMA,2,10.6221,18.8287,2,0,2,83.71,True,serial
kernel_04_mkII_FMA,3,10.7585,18.5899,2,0,2,83.97,True,serial
kernel_04_mkII_FMA,4,10.7739,18.5634,2,0,2,84.07,True,serial
kernel_04_mkII_FMA,5,10.7837,18.5466,2,0,2,84.37,True,serial
kernel_04_mkII_FMA,6,10.8184,18.4869,2,0,2,84.3,True,serial
kernel_04_mkII_FMA,7,10.674,18.7372,2,0,2,84.13,True,serial
kernel_04_mkII_FMA,8,10.8119,18.4981,2,0,2,83.88,True,serial
kernel_04_mkII_FMA,9,10.6779,18.7302,2,0,2,83.86,True,serial
kernel_04_mkII_FMA,10,10.6729,18.7391,2,0,2,83.85,True,serial
kernel_04_mkII_STABLE_ROUNDING_FMA,1,10.0071,19.9859,2,0,2,82.08,True,serial
kernel_04_mkII_STABLE_ROUNDING_FMA,2,10.0651,19.8706,2,0,2,82.79,True,serial
kernel_04_mkII_STABLE_ROUNDING_FMA,3,10.0601,19.8806,2,0,2,83.07,True,serial
kernel_04_mkII_STABLE_ROUNDING_FMA,4,9.961,20.0783,2,0,2,82.37,True,serial
kernel_04_mkII_STABLE_ROUNDING_FMA,5,9.96939,20.0614,2,0,2,83.01,True,serial
kernel_04_mkII_STABLE_ROUNDING_FMA,6,10.0102,19.9795,2,0,2,82.9,True,serial
kernel_04_mkII_STABLE_ROUNDING_FMA,7,10.0969,19.8081,2,0,2,83.46,True,serial
kernel_04_mkII_STABLE_ROUNDING_FMA,8,9.95908,20.0822,2,0,2,82.83,True,serial
kernel_04_mkII_STABLE_ROUNDING_FMA,9,10.0411,19.9182,2,0,2,82.35,True,serial
kernel_04_mkII_STABLE_ROUNDING_FMA,10,10.0245,19.9512,2,0,2,82.11,True,serial
kernel_05_mkII,1,10.295,19.427,5,0,5,84.2,True,serial
kernel_05_mkII,2,10.1729,19.66,5,0,5,84.02,True,serial
kernel_05_mkII,3,10.2357,19.5394,5,0,5,83.68,True,serial
kernel_05_mkII,4,10.1534,19.6978,5,0,5,83.89,True,serial
kernel_05_mkII,5,10.3049,19.4083,5,0,5,84.33,True,serial
kernel_05_mkII,6,10.1851,19.6365,5,0,5,83.95,True,serial
kernel_05_mkII,7,10.1764,19.6533,5,0,5,84.03,True,serial
kernel_05_mkII,8,10.2748,19.4652,5,0,5,84.82,True,serial
kernel_05_mkII,9,10.1889,19.6293,5,0,5,83.92,True,serial
kernel_05_mkII,10,10.1665,19.6724,5,0,5,83.7,True,serial
kernel_05_mkII_STABLE_ROUNDING,1,8.87458,22.5363,5,0,5,81.68,True,serial
kernel_05_mkII_STABLE_ROUNDING,2,8.88783,22.5027,5,0,5,81.85,True,serial
kernel_05_mkII_STABLE_ROUNDING,3,8.84176,22.6199,5,0,5,81.66,True,serial
kernel_05_mkII_STABLE_ROUNDING,4,8.94359,22.3624,5,0,5,81.83,True,serial
kernel_05_mkII_STABLE_ROUNDING,5,8.83943,22.6259,5,0,5,81.62,True,serial
kernel_05_mkII_STABLE_ROUNDING,6,8.86451,22.5619,5,0,5,81.78,True,serial
kernel_05_mkII_STABLE_ROUNDING,7,8.93468,22.3847,5,0,5,82.67,True,serial
kernel_05_mkII_STABLE_ROUNDING,8,8.79312,22.7451,5,0,5,81.58,True,serial
kernel_05_mkII_STABLE_ROUNDING,9,8.79719,22.7345,5,0,5,81.12,True,serial
kernel_05_mkII_STABLE_ROUNDING,10,8.83794,22.6297,5,0,5,82.16,True,serial
kernel_05_mkII_FMA,1,10.2427,19.5261,5,0,5,84.59,True,serial
kernel_05_mkII_FMA,2,10.2465,19.5189,5,0,5,84.39,True,serial
kernel_05_mkII_FMA,3,10.0396,19.9211,5,0,5,84.44,True,serial
kernel_05_mkII_FMA,4,10.2536,19.5053,5,0,5,84.49,True,serial
kernel_05_mkII_FMA,5,10.2347,19.5414,5,0,5,84.5,True,serial
kernel_05_mkII_FMA,6,10.2314,19.5477,5,0,5,84.52,True,serial
kernel_05_mkII_FMA,7,10.2237,19.5625,5,0,5,84.51,True,serial
kernel_05_mkII_FMA,8,10.4074,19.217,5,0,5,85.58,True,serial
kernel_05_mkII_FMA,9,10.2146,19.5798,5,0,5,84.67,True,serial
kernel_05_mkII_FMA,10,10.1972,19.6132,5,0,5,85.23,True,serial
kernel_05_mkII_STABLE_ROUNDING_FMA,1,9.02648,22.157,5,0,5,82.49,True,serial
kernel_05_mkII_STABLE_ROUNDING_FMA,2,9.03968,22.1247,5,0,5,82.46,True,serial
kernel_05_mkII_STABLE_ROUNDING_FMA,3,9.01034,22.1967,5,0,5,82.58,True,serial
kernel_05_mkII_STABLE_ROUNDING_FMA,4,9.18611,21.772,5,0,5,82.87,True,serial
kernel_05_mkII_STABLE_ROUNDING_FMA,5,9.11193,21.9493,5,0,5,82.33,True,serial
kernel_05_mkII_STABLE_ROUNDING_FMA,6,9.0544,22.0887,5,0,5,82.59,True,serial
kernel_05_mkII_STABLE_ROUNDING_FMA,7,8.99624,22.2315,5,0,5,82.85,True,serial
kernel_05_mkII_STABLE_ROUNDING_FMA,8,9.10306,21.9706,5,0,5,82.88,True,serial
kernel_05_mkII_STABLE_ROUNDING_FMA,9,9.03166,22.1443,5,0,5,82.59,True,serial
kernel_05_mkII_STABLE_ROUNDING_FMA,10,9.06591,22.0607,5,0,5,82.75,True,serial
kernel_06_mkII,1,9.5264,20.9943,8,0,8,82.38,True,serial
kernel_06_mkII,2,9.62918,20.7702,8,0,8,83.21,True,serial
kernel_06_mkII,3,9.49663,21.0601,8,0,8,83.22,True,serial
kernel_06_mkII,4,9.56454,20.9106,8,0,8,83.89,True,serial
kernel_06_mkII,5,9.54302,20.9577,8,0,8,82.94,True,serial
kernel_06_mkII,6,9.77401,20.4624,8,0,8,83.11,True,serial
kernel_06_mkII,7,9.65717,20.71,8,0,8,82.75,True,serial
kernel_06_mkII,8,9.54058,20.9631,8,0,8,82.81,True,serial
kernel_06_mkII,9,9.48455,21.0869,8,0,8,82.69,True,serial
kernel_06_mkII,10,9.53315,20.9794,8,0,8,82.73,True,serial
kernel_06_mkII_STABLE_ROUNDING,1,8.62351,23.1924,8,0,8,81.96,True,serial
kernel_06_mkII_STABLE_ROUNDING,2,8.67042,23.0669,8,0,8,81.62,True,serial
kernel_06_mkII_STABLE_ROUNDING,3,8.65395,23.1108,8,0,8,81.39,True,serial
kernel_06_mkII_STABLE_ROUNDING,4,8.62821,23.1798,8,0,8,80.84,True,serial
kernel_06_mkII_STABLE_ROUNDING,5,8.74515,22.8698,8,0,8,81.49,True,serial
kernel_06_mkII_STABLE_ROUNDING,6,8.70352,22.9792,8,0,8,81.54,True,serial
kernel_06_mkII_STABLE_ROUNDING,7,8.64181,23.1433,8,0,8,81.41,True,serial
kernel_06_mkII_STABLE_ROUNDING,8,8.66425,23.0833,8,0,8,81.49,True,serial
kernel_06_mkII_STABLE_ROUNDING,9,8.63731,23.1554,8,0,8,81.75,True,serial
kernel_06_mkII_STABLE_ROUNDING,10,8.61745,23.2087,8,0,8,81.63,True,serial
kernel_06_mkII_FMA,1,9.54482,20.9538,8,0,8,82.87,True,serial
kernel_06_mkII_FMA,2,9.62857,20.7715,8,0,8,83.04,True,serial
kernel_06_mkII_FMA,3,9.5077,21.0356,8,0,8,83.02,True,serial
kernel_06_mkII_FMA,4,9.59846,20.8367,8,0,8,82.8,True,serial
kernel_06_mkII_FMA,5,9.5917,20.8514,8,0,8,82.79,True,serial
kernel_06_mkII_FMA,6,9.51669,21.0157,8,0,8,83.14,True,serial
kernel_06_mkII_FMA,7,9.46556,21.1292,8,0,8,82.41,True,serial
kernel_06_mkII_FMA,8,9.60444,20.8237,8,0,8,83.15,True,serial
kernel_06_mkII_FMA,9,9.55823,20.9244,8,0,8,83.34,True,serial
kernel_06_mkII_FMA,10,9.62051,20.7889,8,0,8,83.17,True,serial
kernel_06_mkII_STABLE_ROUNDING_FMA,1,8.48106,23.582,8,0,8,81.22,True,serial
kernel_06_mkII_STABLE_ROUNDING_FMA,2,8.46884,23.616,8,0,8,80.96,True,serial
kernel_06_mkII_STABLE_ROUNDING_FMA,3,8.42665,23.7342,8,0,8,80.97,True,serial
kernel_06_mkII_STABLE_ROUNDING_FMA,4,8.46375,23.6302,8,0,8,80.98,True,serial
kernel_06_mkII_STABLE_ROUNDING_FMA,5,8.51179,23.4968,8,0,8,81.22,True,serial
kernel_06_mkII_STABLE_ROUNDING_FMA,6,8.49635,23.5395,8,0,8,80.82,True,serial
kernel_06_mkII_STABLE_ROUNDING_FMA,7,8.42577,23.7367,8,0,8,81.28,True,serial
kernel_06_mkII_STABLE_ROUNDING_FMA,8,8.45016,23.6682,8,0,8,80.71,True,serial
kernel_06_mkII_STABLE_ROUNDING_FMA,9,8.46344,23.631,8,0,8,81.47,True,serial
kernel_06_mkII_STABLE_ROUNDING_FMA,10,8.50299,23.5211,8,0,8,80.86,True,serial
kernel_07_mkII,1,11.2902,17.7145,100000004,0,100000004,84.84,True,serial
kernel_07_mkII,2,11.2853,17.7221,100000004,0,100000004,84.95,True,serial
kernel_07_mkII,3,11.6173,17.2158,100000004,0,100000004,85.27,True,serial
kernel_07_mkII,4,11.2736,17.7406,100000004,0,100000004,85.42,True,serial
kernel_07_mkII,5,11.273,17.7415,100000004,0,100000004,84.95,True,serial
kernel_07_mkII,6,11.3261,17.6584,100000004,0,100000004,84.87,True,serial
kernel_07_mkII,7,11.3167,17.673,100000004,0,100000004,84.24,True,serial
kernel_07_mkII,8,11.2975,17.703,100000004,0,100000004,85.79,True,serial
kernel_07_mkII,9,11.5625,17.2973,100000004,0,100000004,86.11,True,serial
kernel_07_mkII,10,11.3823,17.5711,100000004,0,100000004,85.33,True,serial
kernel_07_mkII_STABLE_ROUNDING,1,11.6158,17.2179,100000004,0,100000004,84.52,True,serial
kernel_07_mkII_STABLE_ROUNDING,2,11.7633,17.002,100000004,0,100000004,84.42,True,serial
kernel_07_mkII_STABLE_ROUNDING,3,11.6409,17.1808,100000004,0,100000004,83.56,True,serial
kernel_07_mkII_STABLE_ROUNDING,4,11.7635,17.0018,100000004,0,100000004,84.27,True,serial
kernel_07_mkII_STABLE_ROUNDING,5,11.6308,17.1958,100000004,0,100000004,84.47,True,serial
kernel_07_mkII_STABLE_ROUNDING,6,11.6551,17.1599,100000004,0,100000004,83.87,True,serial
kernel_07_mkII_STABLE_ROUNDING,7,11.7669,16.9969,100000004,0,100000004,84.33,True,serial
kernel_07_mkII_STABLE_ROUNDING,8,11.6692,17.1391,100000004,0,100000004,84.48,True,serial
kernel_07_mkII_STABLE_ROUNDING,9,11.6827,17.1193,100000004,0,100000004,84.63,True,serial
kernel_07_mkII_STABLE_ROUNDING,10,11.6705,17.1372,100000004,0,100000004,84.97,True,serial
kernel_07_mkII_FMA,1,9.03332,22.1403,4,0,4,82.04,True,serial
kernel_07_mkII_FMA,2,9.07855,22.0299,4,0,4,82.36,True,serial
kernel_07_mkII_FMA,3,9.20052,21.7379,4,0,4,83.34,True,serial
kernel_07_mkII_FMA,4,9.0753,22.0378,4,0,4,82.84,True,serial
kernel_07_mkII_FMA,5,9.07334,22.0426,4,0,4,82.72,True,serial
kernel_07_mkII_FMA,6,9.0459,22.1095,4,0,4,82.19,True,serial
kernel_07_mkII_FMA,7,9.34593,21.3997,4,0,4,82.3,True,serial
kernel_07_mkII_FMA,8,9.1918,21.7585,4,0,4,82.96,True,serial
kernel_07_mkII_FMA,9,9.18743,21.7689,4,0,4,83.0,True,serial
kernel_07_mkII_FMA,10,9.07333,22.0426,4,0,4,82.3,True,serial
kernel_07_mkII_STABLE_ROUNDING_FMA,1,8.58444,23.298,4,0,4,80.81,True,serial
kernel_07_mkII_STABLE_ROUNDING_FMA,2,8.58941,23.2845,4,0,4,80.73,True,serial
kernel_07_mkII_STABLE_ROUNDING_FMA,3,8.57542,23.3225,4,0,4,81.09,True,serial
kernel_07_mkII_STABLE_ROUNDING_FMA,4,8.4721,23.6069,4,0,4,80.5,True,serial
kernel_07_mkII_STABLE_ROUNDING_FMA,5,8.59126,23.2795,4,0,4,81.01,True,serial
kernel_07_mkII_STABLE_ROUNDING_FMA,6,8.55089,23.3894,4,0,4,80.83,True,serial
kernel_07_mkII_STABLE_ROUNDING_FMA,7,8.78973,22.7538,4,0,4,81.61,True,serial
kernel_07_mkII_STABLE_ROUNDING_FMA,8,8.65925,23.0967,4,0,4,81.02,True,serial
kernel_07_mkII_STABLE_ROUNDING_FMA,9,8.57504,23.3235,4,0,4,80.96,True,serial
kernel_07_mkII_STABLE_ROUNDING_FMA,10,8.74253,22.8767,4,0,4,81.05,True,serial
kernel_openmp_01_mkII,1,4.82229,41.4741,100000034,0,100000034,81.79,True,openmp
kernel_openmp_01_mkII,2,4.85875,41.1628,100000034,0,100000034,81.12,True,openmp
kernel_openmp_01_mkII,3,4.90124,40.806,100000034,0,100000034,82.16,True,openmp
kernel_openmp_01_mkII,4,4.82691,41.4344,100000034,0,100000034,80.97,True,openmp
kernel_openmp_01_mkII,5,4.82079,41.487,100000034,0,100000034,81.13,True,openmp
kernel_openmp_01_mkII,6,4.83896,41.3312,100000034,0,100000034,81.26,True,openmp
kernel_openmp_01_mkII,7,4.82276,41.4701,100000034,0,100000034,81.69,True,openmp
kernel_openmp_01_mkII,8,4.81701,41.5196,100000034,0,100000034,80.84,True,openmp
kernel_openmp_01_mkII,9,4.82275,41.4701,100000034,0,100000034,79.96,True,openmp
kernel_openmp_01_mkII,10,4.91479,40.6935,100000034,0,100000034,81.6,True,openmp
kernel_openmp_01_mkII_STABLE_ROUNDING,1,4.72996,42.2837,100000034,0,100000034,80.18,True,openmp
kernel_openmp_01_mkII_STABLE_ROUNDING,2,4.75511,42.06,100000034,0,100000034,80.78,True,openmp
kernel_openmp_01_mkII_STABLE_ROUNDING,3,4.73414,42.2463,100000034,0,100000034,81.19,True,openmp
kernel_openmp_01_mkII_STABLE_ROUNDING,4,4.79059,41.7486,100000034,0,100000034,80.43,True,openmp
kernel_openmp_01_mkII_STABLE_ROUNDING,5,4.72131,42.3611,100000034,0,100000034,79.76,True,openmp
kernel_openmp_01_mkII_STABLE_ROUNDING,6,4.75599,42.0523,100000034,0,100000034,80.71,True,openmp
kernel_openmp_01_mkII_STABLE_ROUNDING,7,4.73982,42.1957,100000034,0,100000034,80.93,True,openmp
kernel_openmp_01_mkII_STABLE_ROUNDING,8,4.71901,42.3817,100000034,0,100000034,79.86,True,openmp
kernel_openmp_01_mkII_STABLE_ROUNDING,9,4.72854,42.2964,100000034,0,100000034,80.4,True,openmp
kernel_openmp_01_mkII_STABLE_ROUNDING,10,4.7229,42.3469,100000034,0,100000034,80.55,True,openmp
kernel_openmp_01_mkII_FMA,1,0.323157,618.893,34,0,34,76.57,True,openmp
kernel_openmp_01_mkII_FMA,2,0.326275,612.98,34,0,34,75.94,True,openmp
kernel_openmp_01_mkII_FMA,3,0.435114,459.65,34,0,34,77.5,True,openmp
kernel_openmp_01_mkII_FMA,4,0.429453,465.708,34,0,34,76.45,True,openmp
kernel_openmp_01_mkII_FMA,5,0.322198,620.737,34,0,34,76.23,True,openmp
kernel_openmp_01_mkII_FMA,6,0.328051,609.661,34,0,34,77.28,True,openmp
kernel_openmp_01_mkII_FMA,7,0.328347,609.113,34,0,34,76.63,True,openmp
kernel_openmp_01_mkII_FMA,8,0.32095,623.15,34,0,34,76.21,True,openmp
kernel_openmp_01_mkII_FMA,9,0.338868,590.2,34,0,34,76.54,True,openmp
kernel_openmp_01_mkII_FMA,10,0.324703,615.948,34,0,34,76.93,True,openmp
kernel_openmp_01_mkII_STABLE_ROUNDING_FMA,1,0.318183,628.57,34,0,34,75.38,True,openmp
kernel_openmp_01_mkII_STABLE_ROUNDING_FMA,2,0.308886,647.487,34,0,34,75.97,True,openmp
kernel_openmp_01_mkII_STABLE_ROUNDING_FMA,3,0.418256,478.176,34,0,34,75.47,True,openmp
kernel_openmp_01_mkII_STABLE_ROUNDING_FMA,4,0.415411,481.451,34,0,34,75.75,True,openmp
kernel_openmp_01_mkII_STABLE_ROUNDING_FMA,5,0.414548,482.453,34,0,34,76.07,True,openmp
kernel_openmp_01_mkII_STABLE_ROUNDING_FMA,6,0.318155,628.625,34,0,34,75.43,True,openmp
kernel_openmp_01_mkII_STABLE_ROUNDING_FMA,7,0.317334,630.251,34,0,34,75.0,True,openmp
kernel_openmp_01_mkII_STABLE_ROUNDING_FMA,8,0.311529,641.994,34,0,34,75.36,True,openmp
kernel_openmp_01_mkII_STABLE_ROUNDING_FMA,9,0.355089,563.239,34,0,34,75.47,True,openmp
kernel_openmp_01_mkII_STABLE_ROUNDING_FMA,10,0.413884,483.228,34,0,34,75.5,True,openmp
kernel_openmp_02_mkII,1,4.75499,42.0611,100000033,0,100000033,81.36,True,openmp
kernel_openmp_02_mkII,2,4.68087,42.7271,100000033,0,100000033,81.33,True,openmp
kernel_openmp_02_mkII,3,4.70962,42.4663,100000033,0,100000033,81.41,True,openmp
kernel_openmp_02_mkII,4,4.67697,42.7627,100000033,0,100000033,81.15,True,openmp
kernel_openmp_02_mkII,5,4.7352,42.2369,100000033,0,100000033,80.92,True,openmp
kernel_openmp_02_mkII,6,4.70579,42.5009,100000033,0,100000033,81.09,True,openmp
kernel_openmp_02_mkII,7,4.67396,42.7902,100000033,0,100000033,81.41,True,openmp
kernel_openmp_02_mkII,8,4.70166,42.5382,100000033,0,100000033,81.2,True,openmp
kernel_openmp_02_mkII,9,4.71784,42.3923,100000033,0,100000033,82.38,True,openmp
kernel_openmp_02_mkII,10,4.67285,42.8004,100000033,0,100000033,80.59,True,openmp
kernel_openmp_02_mkII_STABLE_ROUNDING,1,4.7114,42.4503,100000033,0,100000033,80.1,True,openmp
kernel_openmp_02_mkII_STABLE_ROUNDING,2,4.70896,42.4723,100000033,0,100000033,80.97,True,openmp
kernel_openmp_02_mkII_STABLE_ROUNDING,3,4.82741,41.4301,100000033,0,100000033,80.37,True,openmp
kernel_openmp_02_mkII_STABLE_ROUNDING,4,4.78496,41.7976,100000033,0,100000033,80.66,True,openmp
kernel_openmp_02_mkII_STABLE_ROUNDING,5,4.70331,42.5233,100000033,0,100000033,79.94,True,openmp
kernel_openmp_02_mkII_STABLE_ROUNDING,6,4.71528,42.4153,100000033,0,100000033,80.55,True,openmp
kernel_openmp_02_mkII_STABLE_ROUNDING,7,4.6664,42.8596,100000033,0,100000033,79.63,True,openmp
kernel_openmp_02_mkII_STABLE_ROUNDING,8,4.73423,42.2455,100000033,0,100000033,80.64,True,openmp
kernel_openmp_02_mkII_STABLE_ROUNDING,9,4.71577,42.4109,100000033,0,100000033,80.47,True,openmp
kernel_openmp_02_mkII_STABLE_ROUNDING,10,4.69199,42.6258,100000033,0,100000033,80.05,True,openmp
kernel_openmp_02_mkII_FMA,1,4.82967,41.4107,100000033,0,100000033,81.31,True,openmp
kernel_openmp_02_mkII_FMA,2,4.68571,42.683,100000033,0,100000033,80.33,True,openmp
kernel_openmp_02_mkII_FMA,3,4.70024,42.5511,100000033,0,100000033,81.62,True,openmp
kernel_openmp_02_mkII_FMA,4,4.68182,42.7185,100000033,0,100000033,81.27,True,openmp
kernel_openmp_02_mkII_FMA,5,4.68711,42.6702,100000033,0,100000033,80.79,True,openmp
kernel_openmp_02_mkII_FMA,6,4.7174,42.3962,100000033,0,100000033,81.1,True,openmp
kernel_openmp_02_mkII_FMA,7,4.84451,41.2838,100000033,0,100000033,81.16,True,openmp
kernel_openmp_02_mkII_FMA,8,4.70956,42.4668,100000033,0,100000033,81.53,True,openmp
kernel_openmp_02_mkII_FMA,9,4.67406,42.7894,100000033,0,100000033,81.61,True,openmp
kernel_openmp_02_mkII_FMA,10,4.67104,42.817,100000033,0,100000033,81.48,True,openmp
kernel_openmp_02_mkII_STABLE_ROUNDING_FMA,1,4.65768,42.9398,100000033,0,100000033,79.78,True,openmp
kernel_openmp_02_mkII_STABLE_ROUNDING_FMA,2,4.66153,42.9044,100000033,0,100000033,80.55,True,openmp
kernel_openmp_02_mkII_STABLE_ROUNDING_FMA,3,4.82958,41.4114,100000033,0,100000033,80.41,True,openmp
kernel_openmp_02_mkII_STABLE_ROUNDING_FMA,4,4.70818,42.4792,100000033,0,100000033,80.36,True,openmp
kernel_openmp_02_mkII_STABLE_ROUNDING_FMA,5,4.75047,42.1011,100000033,0,100000033,80.41,True,openmp
kernel_openmp_02_mkII_STABLE_ROUNDING_FMA,6,4.65963,42.9219,100000033,0,100000033,80.39,True,openmp
kernel_openmp_02_mkII_STABLE_ROUNDING_FMA,7,4.66962,42.83,100000033,0,100000033,80.48,True,openmp
kernel_openmp_02_mkII_STABLE_ROUNDING_FMA,8,4.66406,42.8811,100000033,0,100000033,80.42,True,openmp
kernel_openmp_02_mkII_STABLE_ROUNDING_FMA,9,4.74802,42.1228,100000033,0,100000033,80.67,True,openmp
kernel_openmp_02_mkII_STABLE_ROUNDING_FMA,10,4.66139,42.9056,100000033,0,100000033,80.52,True,openmp
kernel_openmp_03_mkII,1,0.335467,596.184,65,0,65,76.88,True,openmp
kernel_openmp_03_mkII,2,0.337103,593.291,65,0,65,76.54,True,openmp
kernel_openmp_03_mkII,3,0.333675,599.385,65,0,65,76.75,True,openmp
kernel_openmp_03_mkII,4,0.331804,602.765,65,0,65,77.07,True,openmp
kernel_openmp_03_mkII,5,0.336234,594.823,65,0,65,77.36,True,openmp
kernel_openmp_03_mkII,6,0.410572,487.125,65,0,65,77.24,True,openmp
kernel_openmp_03_mkII,7,0.438702,455.89,65,0,65,76.88,True,openmp
kernel_openmp_03_mkII,8,0.334859,597.266,65,0,65,76.93,True,openmp
kernel_openmp_03_mkII,9,0.402614,496.754,65,0,65,76.66,True,openmp
kernel_openmp_03_mkII,10,0.347672,575.255,65,0,65,77.21,True,openmp
kernel_openmp_03_mkII_STABLE_ROUNDING,1,0.318124,628.687,65,0,65,75.87,True,openmp
kernel_openmp_03_mkII_STABLE_ROUNDING,2,0.320718,623.6,65,0,65,76.18,True,openmp
kernel_openmp_03_mkII_STABLE_ROUNDING,3,0.309724,645.736,65,0,65,76.0,True,openmp
kernel_openmp_03_mkII_STABLE_ROUNDING,4,0.308959,647.335,65,0,65,76.36,True,openmp
kernel_openmp_03_mkII_STABLE_ROUNDING,5,0.314248,636.439,65,0,65,76.08,True,openmp
kernel_openmp_03_mkII_STABLE_ROUNDING,6,0.31096,643.169,65,0,65,75.81,True,openmp
kernel_openmp_03_mkII_STABLE_ROUNDING,7,0.323874,617.525,65,0,65,76.25,True,openmp
kernel_openmp_03_mkII_STABLE_ROUNDING,8,0.310212,644.72,65,0,65,76.61,True,openmp
kernel_openmp_03_mkII_STABLE_ROUNDING,9,0.322358,620.427,65,0,65,76.17,True,openmp
kernel_openmp_03_mkII_STABLE_ROUNDING,10,0.314912,635.098,65,0,65,76.89,True,openmp
kernel_openmp_03_mkII_FMA,1,0.352865,566.789,65,0,65,76.72,True,openmp
kernel_openmp_03_mkII_FMA,2,0.352138,567.959,65,0,65,76.38,True,openmp
kernel_openmp_03_mkII_FMA,3,0.381734,523.925,65,0,65,76.66,True,openmp
kernel_openmp_03_mkII_FMA,4,0.464075,430.965,65,0,65,76.87,True,openmp
kernel_openmp_03_mkII_FMA,5,0.461746,433.138,65,0,65,76.73,True,openmp
kernel_openmp_03_mkII_FMA,6,0.353903,565.127,65,0,65,76.67,True,openmp
kernel_openmp_03_mkII_FMA,7,0.351315,569.29,65,0,65,76.62,True,openmp
kernel_openmp_03_mkII_FMA,8,0.358838,557.355,65,0,65,76.28,True,openmp
kernel_openmp_03_mkII_FMA,9,0.417071,479.535,65,0,65,77.11,True,openmp
kernel_openmp_03_mkII_FMA,10,0.349432,572.357,65,0,65,76.35,True,openmp
kernel_openmp_03_mkII_STABLE_ROUNDING_FMA,1,0.40862,489.452,65,0,65,75.41,True,openmp
kernel_openmp_03_mkII_STABLE_ROUNDING_FMA,2,0.314171,636.596,65,0,65,74.99,True,openmp
kernel_openmp_03_mkII_STABLE_ROUNDING_FMA,3,0.327257,611.141,65,0,65,75.55,True,openmp
kernel_openmp_03_mkII_STABLE_ROUNDING_FMA,4,0.309612,645.97,65,0,65,75.55,True,openmp
kernel_openmp_03_mkII_STABLE_ROUNDING_FMA,5,0.317131,630.655,65,0,65,75.54,True,openmp
kernel_openmp_03_mkII_STABLE_ROUNDING_FMA,6,0.409704,488.157,65,0,65,74.91,True,openmp
kernel_openmp_03_mkII_STABLE_ROUNDING_FMA,7,0.409945,487.871,65,0,65,75.93,True,openmp
kernel_openmp_03_mkII_STABLE_ROUNDING_FMA,8,0.314978,634.965,65,0,65,76.15,True,openmp
kernel_openmp_03_mkII_STABLE_ROUNDING_FMA,9,0.306085,653.413,65,0,65,76.34,True,openmp
kernel_openmp_03_mkII_STABLE_ROUNDING_FMA,10,0.410439,487.284,65,0,65,75.71,True,openmp
kernel_openmp_04_mkII,1,0.394862,506.506,65,0,65,76.14,True,openmp
kernel_openmp_04_mkII,2,0.398806,501.497,65,0,65,76.96,True,openmp
kernel_openmp_04_mkII,3,0.391723,510.564,65,0,65,77.3,True,openmp
kernel_openmp_04_mkII,4,0.403781,495.318,65,0,65,76.98,True,openmp
kernel_openmp_04_mkII,5,0.402124,497.359,65,0,65,76.68,True,openmp
kernel_openmp_04_mkII,6,0.392565,509.469,65,0,65,76.68,True,openmp
kernel_openmp_04_mkII,7,0.392669,509.335,65,0,65,76.9,True,openmp
kernel_openmp_04_mkII,8,0.404974,493.859,65,0,65,77.33,True,openmp
kernel_openmp_04_mkII,9,0.470801,424.808,65,0,65,76.82,True,openmp
kernel_openmp_04_mkII,10,0.414687,482.291,65,0,65,76.72,True,openmp
kernel_openmp_04_mkII_STABLE_ROUNDING,1,0.417577,478.954,65,0,65,76.48,True,openmp
kernel_openmp_04_mkII_STABLE_ROUNDING,2,0.358198,558.351,65,0,65,76.38,True,openmp
kernel_openmp_04_mkII_STABLE_ROUNDING,3,0.35393,565.083,65,0,65,76.08,True,openmp
kernel_openmp_04_mkII_STABLE_ROUNDING,4,0.351095,569.646,65,0,65,76.1,True,openmp
kernel_openmp_04_mkII_STABLE_ROUNDING,5,0.353751,565.369,65,0,65,76.9,True,openmp
kernel_openmp_04_mkII_STABLE_ROUNDING,6,0.352018,568.153,65,0,65,76.02,True,openmp
kernel_openmp_04_mkII_STABLE_ROUNDING,7,0.357054,560.14,65,0,65,76.39,True,openmp
kernel_openmp_04_mkII_STABLE_ROUNDING,8,0.364556,548.613,65,0,65,76.12,True,openmp
kernel_openmp_04_mkII_STABLE_ROUNDING,9,0.353081,566.443,65,0,65,76.7,True,openmp
kernel_openmp_04_mkII_STABLE_ROUNDING,10,0.459787,434.984,65,0,65,75.9,True,openmp
kernel_openmp_04_mkII_FMA,1,0.392683,509.316,65,0,65,76.37,True,openmp
kernel_openmp_04_mkII_FMA,2,0.516985,386.858,65,0,65,76.34,True,openmp
kernel_openmp_04_mkII_FMA,3,0.395041,506.276,65,0,65,76.77,True,openmp
kernel_openmp_04_mkII_FMA,4,0.400921,498.851,65,0,65,76.49,True,openmp
kernel_openmp_04_mkII_FMA,5,0.393338,508.469,65,0,65,76.44,True,openmp
kernel_openmp_04_mkII_FMA,6,0.403756,495.349,65,0,65,77.08,True,openmp
kernel_openmp_04_mkII_FMA,7,0.39951,500.613,65,0,65,77.09,True,openmp
kernel_openmp_04_mkII_FMA,8,0.398449,501.947,65,0,65,76.62,True,openmp
kernel_openmp_04_mkII_FMA,9,0.395761,505.356,65,0,65,76.78,True,openmp
kernel_openmp_04_mkII_FMA,10,0.398131,502.347,65,0,65,77.11,True,openmp
kernel_openmp_04_mkII_STABLE_ROUNDING_FMA,1,0.36479,548.261,65,0,65,75.66,True,openmp
kernel_openmp_04_mkII_STABLE_ROUNDING_FMA,2,0.364738,548.339,65,0,65,76.47,True,openmp
kernel_openmp_04_mkII_STABLE_ROUNDING_FMA,3,0.37205,537.562,65,0,65,75.24,True,openmp
kernel_openmp_04_mkII_STABLE_ROUNDING_FMA,4,0.362229,552.138,65,0,65,75.84,True,openmp
kernel_openmp_04_mkII_STABLE_ROUNDING_FMA,5,0.367065,544.863,65,0,65,75.35,True,openmp
kernel_openmp_04_mkII_STABLE_ROUNDING_FMA,6,0.367067,544.859,65,0,65,76.17,True,openmp
kernel_openmp_04_mkII_STABLE_ROUNDING_FMA,7,0.363457,550.272,65,0,65,76.07,True,openmp
kernel_openmp_04_mkII_STABLE_ROUNDING_FMA,8,0.363401,550.356,65,0,65,76.38,True,openmp
kernel_openmp_04_mkII_STABLE_ROUNDING_FMA,9,0.361932,552.591,65,0,65,75.42,True,openmp
kernel_openmp_04_mkII_STABLE_ROUNDING_FMA,10,0.500561,399.552,65,0,65,76.96,True,openmp
kernel_openmp_05_mkII,1,0.422947,472.873,161,0,161,77.85,True,openmp
kernel_openmp_05_mkII,2,0.46667,428.569,161,0,161,78.41,True,openmp
kernel_openmp_05_mkII,3,0.46528,429.849,161,0,161,78.23,True,openmp
kernel_openmp_05_mkII,4,0.466736,428.507,161,0,161,78.01,True,openmp
kernel_openmp_05_mkII,5,0.354131,564.763,161,0,161,76.47,True,openmp
kernel_openmp_05_mkII,6,0.353398,565.933,161,0,161,76.09,True,openmp
kernel_openmp_05_mkII,7,0.372157,537.408,161,0,161,76.42,True,openmp
kernel_openmp_05_mkII,8,0.362274,552.069,161,0,161,76.19,True,openmp
kernel_openmp_05_mkII,9,0.468998,426.441,161,0,161,76.67,True,openmp
kernel_openmp_05_mkII,10,0.361601,553.095,161,0,161,76.52,True,openmp
kernel_openmp_05_mkII_STABLE_ROUNDING,1,0.328146,609.485,161,0,161,75.99,True,openmp
kernel_openmp_05_mkII_STABLE_ROUNDING,2,0.327428,610.822,161,0,161,76.38,True,openmp
kernel_openmp_05_mkII_STABLE_ROUNDING,3,0.42326,472.523,161,0,161,75.59,True,openmp
kernel_openmp_05_mkII_STABLE_ROUNDING,4,0.326719,612.147,161,0,161,75.75,True,openmp
kernel_openmp_05_mkII_STABLE_ROUNDING,5,0.324673,616.004,161,0,161,75.85,True,openmp
kernel_openmp_05_mkII_STABLE_ROUNDING,6,0.336996,593.479,161,0,161,75.56,True,openmp
kernel_openmp_05_mkII_STABLE_ROUNDING,7,0.330561,605.032,161,0,161,76.76,True,openmp
kernel_openmp_05_mkII_STABLE_ROUNDING,8,0.327705,610.305,161,0,161,75.88,True,openmp
kernel_openmp_05_mkII_STABLE_ROUNDING,9,0.331953,602.495,161,0,161,75.8,True,openmp
kernel_openmp_05_mkII_STABLE_ROUNDING,10,0.344176,581.097,161,0,161,75.97,True,openmp
kernel_openmp_05_mkII_FMA,1,0.360656,554.545,161,0,161,76.36,True,openmp
kernel_openmp_05_mkII_FMA,2,0.456064,438.535,161,0,161,76.89,True,openmp
kernel_openmp_05_mkII_FMA,3,0.355173,563.106,161,0,161,76.84,True,openmp
kernel_openmp_05_mkII_FMA,4,0.456548,438.07,161,0,161,76.8,True,openmp
kernel_openmp_05_mkII_FMA,5,0.453211,441.296,161,0,161,76.84,True,openmp
kernel_openmp_05_mkII_FMA,6,0.355893,561.966,161,0,161,76.16,True,openmp
kernel_openmp_05_mkII_FMA,7,0.361443,553.337,161,0,161,76.56,True,openmp
kernel_openmp_05_mkII_FMA,8,0.351152,569.554,161,0,161,76.75,True,openmp
kernel_openmp_05_mkII_FMA,9,0.359454,556.399,161,0,161,76.03,True,openmp
kernel_openmp_05_mkII_FMA,10,0.459028,435.704,161,0,161,77.45,True,openmp
kernel_openmp_05_mkII_STABLE_ROUNDING_FMA,1,0.377706,529.512,161,0,161,74.51,True,openmp
kernel_openmp_05_mkII_STABLE_ROUNDING_FMA,2,0.318378,628.185,161,0,161,75.55,True,openmp
kernel_openmp_05_mkII_STABLE_ROUNDING_FMA,3,0.418426,477.982,161,0,161,76.2,True,openmp
kernel_openmp_05_mkII_STABLE_ROUNDING_FMA,4,0.331948,602.504,161,0,161,75.46,True,openmp
kernel_openmp_05_mkII_STABLE_ROUNDING_FMA,5,0.327982,609.79,161,0,161,75.0,True,openmp
kernel_openmp_05_mkII_STABLE_ROUNDING_FMA,6,0.323896,617.482,161,0,161,75.93,True,openmp
kernel_openmp_05_mkII_STABLE_ROUNDING_FMA,7,0.317352,630.214,161,0,161,75.48,True,openmp
kernel_openmp_05_mkII_STABLE_ROUNDING_FMA,8,0.417476,479.069,161,0,161,76.66,True,openmp
kernel_openmp_05_mkII_STABLE_ROUNDING_FMA,9,0.418742,477.621,161,0,161,75.6,True,openmp
kernel_openmp_05_mkII_STABLE_ROUNDING_FMA,10,0.419571,476.678,161,0,161,75.78,True,openmp
kernel_openmp_06_mkII,1,0.334288,598.287,257,0,257,76.7,True,openmp
kernel_openmp_06_mkII,2,0.337544,592.516,257,0,257,76.87,True,openmp
kernel_openmp_06_mkII,3,0.33944,589.206,257,0,257,77.51,True,openmp
kernel_openmp_06_mkII,4,0.397537,503.098,257,0,257,77.03,True,openmp
kernel_openmp_06_mkII,5,0.332241,601.973,257,0,257,76.07,True,openmp
kernel_openmp_06_mkII,6,0.340894,586.692,257,0,257,77.0,True,openmp
kernel_openmp_06_mkII,7,0.338429,590.967,257,0,257,76.67,True,openmp
kernel_openmp_06_mkII,8,0.346189,577.719,257,0,257,76.56,True,openmp
kernel_openmp_06_mkII,9,0.349118,572.873,257,0,257,76.63,True,openmp
kernel_openmp_06_mkII,10,0.335879,595.452,257,0,257,77.4,True,openmp
kernel_openmp_06_mkII_STABLE_ROUNDING,1,0.31476,635.404,257,0,257,76.55,True,openmp
kernel_openmp_06_mkII_STABLE_ROUNDING,2,0.305926,653.753,257,0,257,76.94,True,openmp
kernel_openmp_06_mkII_STABLE_ROUNDING,3,0.424043,471.651,257,0,257,75.95,True,openmp
kernel_openmp_06_mkII_STABLE_ROUNDING,4,0.317098,630.72,257,0,257,76.01,True,openmp
kernel_openmp_06_mkII_STABLE_ROUNDING,5,0.319506,625.965,257,0,257,76.22,True,openmp
kernel_openmp_06_mkII_STABLE_ROUNDING,6,0.311134,642.809,257,0,257,75.58,True,openmp
kernel_openmp_06_mkII_STABLE_ROUNDING,7,0.317777,629.373,257,0,257,76.13,True,openmp
kernel_openmp_06_mkII_STABLE_ROUNDING,8,0.306015,653.562,257,0,257,76.53,True,openmp
kernel_openmp_06_mkII_STABLE_ROUNDING,9,0.309194,646.843,257,0,257,75.9,True,openmp
kernel_openmp_06_mkII_STABLE_ROUNDING,10,0.327973,609.805,257,0,257,76.35,True,openmp
kernel_openmp_06_mkII_FMA,1,0.354113,564.792,257,0,257,76.73,True,openmp
kernel_openmp_06_mkII_FMA,2,0.338866,590.203,257,0,257,76.38,True,openmp
kernel_openmp_06_mkII_FMA,3,0.339941,588.338,257,0,257,76.77,True,openmp
kernel_openmp_06_mkII_FMA,4,0.441943,452.547,257,0,257,77.54,True,openmp
kernel_openmp_06_mkII_FMA,5,0.33449,597.925,257,0,257,76.41,True,openmp
kernel_openmp_06_mkII_FMA,6,0.349427,572.366,257,0,257,76.0,True,openmp
kernel_openmp_06_mkII_FMA,7,0.33539,596.32,257,0,257,76.68,True,openmp
kernel_openmp_06_mkII_FMA,8,0.342485,583.967,257,0,257,76.54,True,openmp
kernel_openmp_06_mkII_FMA,9,0.337789,592.086,257,0,257,76.74,True,openmp
kernel_openmp_06_mkII_FMA,10,0.342835,583.371,257,0,257,76.42,True,openmp
kernel_openmp_06_mkII_STABLE_ROUNDING_FMA,1,0.405405,493.334,257,0,257,75.3,True,openmp
kernel_openmp_06_mkII_STABLE_ROUNDING_FMA,2,0.314544,635.84,257,0,257,75.47,True,openmp
kernel_openmp_06_mkII_STABLE_ROUNDING_FMA,3,0.301806,662.676,257,0,257,75.79,True,openmp
kernel_openmp_06_mkII_STABLE_ROUNDING_FMA,4,0.309879,645.413,257,0,257,75.41,True,openmp
kernel_openmp_06_mkII_STABLE_ROUNDING_FMA,5,0.301541,663.259,257,0,257,75.36,True,openmp
kernel_openmp_06_mkII_STABLE_ROUNDING_FMA,6,0.332059,602.303,257,0,257,75.76,True,openmp
kernel_openmp_06_mkII_STABLE_ROUNDING_FMA,7,0.403449,495.726,257,0,257,75.14,True,openmp
kernel_openmp_06_mkII_STABLE_ROUNDING_FMA,8,0.312436,640.13,257,0,257,75.28,True,openmp
kernel_openmp_06_mkII_STABLE_ROUNDING_FMA,9,0.303906,658.098,257,0,257,73.86,True,openmp
kernel_openmp_06_mkII_STABLE_ROUNDING_FMA,10,0.330078,605.917,257,0,257,75.72,True,openmp
kernel_openmp_07_mkII,1,4.81239,41.5594,100000129,0,100000129,81.35,True,openmp
kernel_openmp_07_mkII,2,4.73466,42.2417,100000129,0,100000129,81.85,True,openmp
kernel_openmp_07_mkII,3,4.74623,42.1387,100000129,0,100000129,81.94,True,openmp
kernel_openmp_07_mkII,4,4.80596,41.615,100000129,0,100000129,82.18,True,openmp
kernel_openmp_07_mkII,5,4.7519,42.0885,100000129,0,100000129,82.19,True,openmp
kernel_openmp_07_mkII,6,4.74848,42.1188,100000129,0,100000129,81.31,True,openmp
kernel_openmp_07_mkII,7,4.74238,42.1729,100000129,0,100000129,81.29,True,openmp
kernel_openmp_07_mkII,8,4.74069,42.188,100000129,0,100000129,81.82,True,openmp
kernel_openmp_07_mkII,9,4.98489,40.1212,100000129,0,100000129,81.53,True,openmp
kernel_openmp_07_mkII,10,4.73365,42.2507,100000129,0,100000129,81.24,True,openmp
kernel_openmp_07_mkII_STABLE_ROUNDING,1,4.77522,41.8829,100000129,0,100000129,80.22,True,openmp
kernel_openmp_07_mkII_STABLE_ROUNDING,2,4.75017,42.1037,100000129,0,100000129,80.16,True,openmp
kernel_openmp_07_mkII_STABLE_ROUNDING,3,4.74693,42.1325,100000129,0,100000129,81.11,True,openmp
kernel_openmp_07_mkII_STABLE_ROUNDING,4,4.72289,42.347,100000129,0,100000129,80.08,True,openmp
kernel_openmp_07_mkII_STABLE_ROUNDING,5,4.73103,42.2741,100000129,0,100000129,80.44,True,openmp
kernel_openmp_07_mkII_STABLE_ROUNDING,6,4.77649,41.8717,100000129,0,100000129,80.42,True,openmp
kernel_openmp_07_mkII_STABLE_ROUNDING,7,4.75992,42.0175,100000129,0,100000129,80.22,True,openmp
kernel_openmp_07_mkII_STABLE_ROUNDING,8,4.72776,42.3033,100000129,0,100000129,80.34,True,openmp
kernel_openmp_07_mkII_STABLE_ROUNDING,9,4.75896,42.026,100000129,0,100000129,80.1,True,openmp
kernel_openmp_07_mkII_STABLE_ROUNDING,10,4.83651,41.3522,100000129,0,100000129,80.4,True,openmp
kernel_openmp_07_mkII_FMA,1,0.333037,600.534,129,0,129,76.4,True,openmp
kernel_openmp_07_mkII_FMA,2,0.323428,618.375,129,0,129,76.72,True,openmp
kernel_openmp_07_mkII_FMA,3,0.32933,607.294,129,0,129,76.42,True,openmp
kernel_openmp_07_mkII_FMA,4,0.327997,609.762,129,0,129,77.28,True,openmp
kernel_openmp_07_mkII_FMA,5,0.324191,616.921,129,0,129,76.79,True,openmp
kernel_openmp_07_mkII_FMA,6,0.331488,603.339,129,0,129,76.26,True,openmp
kernel_openmp_07_mkII_FMA,7,0.325672,614.115,129,0,129,76.18,True,openmp
kernel_openmp_07_mkII_FMA,8,0.319089,626.785,129,0,129,76.29,True,openmp
kernel_openmp_07_mkII_FMA,9,0.353548,565.695,129,0,129,76.43,True,openmp
kernel_openmp_07_mkII_FMA,10,0.322784,619.609,129,0,129,76.95,True,openmp
kernel_openmp_07_mkII_STABLE_ROUNDING_FMA,1,0.314557,635.816,129,0,129,75.28,True,openmp
kernel_openmp_07_mkII_STABLE_ROUNDING_FMA,2,0.312663,639.666,129,0,129,75.24,True,openmp
kernel_openmp_07_mkII_STABLE_ROUNDING_FMA,3,0.33164,603.064,129,0,129,74.96,True,openmp
kernel_openmp_07_mkII_STABLE_ROUNDING_FMA,4,0.32477,615.82,129,0,129,75.27,True,openmp
kernel_openmp_07_mkII_STABLE_ROUNDING_FMA,5,0.417382,479.177,129,0,129,74.92,True,openmp
kernel_openmp_07_mkII_STABLE_ROUNDING_FMA,6,0.310585,643.946,129,0,129,75.81,True,openmp
kernel_openmp_07_mkII_STABLE_ROUNDING_FMA,7,0.315907,633.098,129,0,129,75.62,True,openmp
kernel_openmp_07_mkII_STABLE_ROUNDING_FMA,8,0.3929,509.035,129,0,129,75.23,True,openmp
kernel_openmp_07_mkII_STABLE_ROUNDING_FMA,9,0.320598,623.835,129,0,129,75.36,True,openmp
kernel_openmp_07_mkII_STABLE_ROUNDING_FMA,10,0.41755,478.985,129,0,129,75.2,True,openmp
