variant,execution_mode,repeat_index,n,precision_bits,elapsed_seconds,mflops,wall_seconds,result_ok,command
Raxpy_gmp_C_native_01,Serial,1,10000000,512,0.592123000,33.776800,7.058780465,yes,/home/docker/gmpfrxx_mkII/build_bench_release/benchmarks/gmp/01_Raxpy/Raxpy_gmp_C_native_01 10000000 512
Raxpy_gmp_C_native_01,Serial,2,10000000,512,0.594070000,33.666100,7.146704646,yes,/home/docker/gmpfrxx_mkII/build_bench_release/benchmarks/gmp/01_Raxpy/Raxpy_gmp_C_native_01 10000000 512
Raxpy_gmp_C_native_01,Serial,3,10000000,512,0.598626000,33.409900,7.126375947,yes,/home/docker/gmpfrxx_mkII/build_bench_release/benchmarks/gmp/01_Raxpy/Raxpy_gmp_C_native_01 10000000 512
Raxpy_gmp_C_native_01,Serial,4,10000000,512,0.593129000,33.719500,7.122114280,yes,/home/docker/gmpfrxx_mkII/build_bench_release/benchmarks/gmp/01_Raxpy/Raxpy_gmp_C_native_01 10000000 512
Raxpy_gmp_C_native_01,Serial,5,10000000,512,0.598719000,33.404600,7.188108271,yes,/home/docker/gmpfrxx_mkII/build_bench_release/benchmarks/gmp/01_Raxpy/Raxpy_gmp_C_native_01 10000000 512
Raxpy_gmp_C_native_01,Serial,6,10000000,512,0.589790000,33.910400,7.093046855,yes,/home/docker/gmpfrxx_mkII/build_bench_release/benchmarks/gmp/01_Raxpy/Raxpy_gmp_C_native_01 10000000 512
Raxpy_gmp_C_native_01,Serial,7,10000000,512,0.599202000,33.377700,7.136277767,yes,/home/docker/gmpfrxx_mkII/build_bench_release/benchmarks/gmp/01_Raxpy/Raxpy_gmp_C_native_01 10000000 512
Raxpy_gmp_C_native_01,Serial,8,10000000,512,0.595961000,33.559300,7.102556188,yes,/home/docker/gmpfrxx_mkII/build_bench_release/benchmarks/gmp/01_Raxpy/Raxpy_gmp_C_native_01 10000000 512
Raxpy_gmp_C_native_01,Serial,9,10000000,512,0.590980000,33.842100,7.111078469,yes,/home/docker/gmpfrxx_mkII/build_bench_release/benchmarks/gmp/01_Raxpy/Raxpy_gmp_C_native_01 10000000 512
Raxpy_gmp_C_native_01,Serial,10,10000000,512,0.593915000,33.674800,7.084238401,yes,/home/docker/gmpfrxx_mkII/build_bench_release/benchmarks/gmp/01_Raxpy/Raxpy_gmp_C_native_01 10000000 512
Raxpy_gmp_kernel_01_orig,Serial,1,10000000,512,0.691839000,28.908500,5.055997860,yes,/home/docker/gmpfrxx_mkII/build_bench_release/benchmarks/gmp/01_Raxpy/Raxpy_gmp_kernel_01_orig 10000000 512
Raxpy_gmp_kernel_01_orig,Serial,2,10000000,512,0.682339000,29.310900,5.106098855,yes,/home/docker/gmpfrxx_mkII/build_bench_release/benchmarks/gmp/01_Raxpy/Raxpy_gmp_kernel_01_orig 10000000 512
Raxpy_gmp_kernel_01_orig,Serial,3,10000000,512,0.681929000,29.328600,5.084786154,yes,/home/docker/gmpfrxx_mkII/build_bench_release/benchmarks/gmp/01_Raxpy/Raxpy_gmp_kernel_01_orig 10000000 512
Raxpy_gmp_kernel_01_orig,Serial,4,10000000,512,0.697613000,28.669200,5.136877351,yes,/home/docker/gmpfrxx_mkII/build_bench_release/benchmarks/gmp/01_Raxpy/Raxpy_gmp_kernel_01_orig 10000000 512
Raxpy_gmp_kernel_01_orig,Serial,5,10000000,512,0.696537000,28.713500,5.149421716,yes,/home/docker/gmpfrxx_mkII/build_bench_release/benchmarks/gmp/01_Raxpy/Raxpy_gmp_kernel_01_orig 10000000 512
Raxpy_gmp_kernel_01_orig,Serial,6,10000000,512,0.692256000,28.891000,5.108717043,yes,/home/docker/gmpfrxx_mkII/build_bench_release/benchmarks/gmp/01_Raxpy/Raxpy_gmp_kernel_01_orig 10000000 512
Raxpy_gmp_kernel_01_orig,Serial,7,10000000,512,0.689516000,29.005900,5.166071428,yes,/home/docker/gmpfrxx_mkII/build_bench_release/benchmarks/gmp/01_Raxpy/Raxpy_gmp_kernel_01_orig 10000000 512
Raxpy_gmp_kernel_01_orig,Serial,8,10000000,512,0.688315000,29.056500,5.082074095,yes,/home/docker/gmpfrxx_mkII/build_bench_release/benchmarks/gmp/01_Raxpy/Raxpy_gmp_kernel_01_orig 10000000 512
Raxpy_gmp_kernel_01_orig,Serial,9,10000000,512,0.698811000,28.620000,5.095817711,yes,/home/docker/gmpfrxx_mkII/build_bench_release/benchmarks/gmp/01_Raxpy/Raxpy_gmp_kernel_01_orig 10000000 512
Raxpy_gmp_kernel_01_orig,Serial,10,10000000,512,0.685186000,29.189200,5.072561271,yes,/home/docker/gmpfrxx_mkII/build_bench_release/benchmarks/gmp/01_Raxpy/Raxpy_gmp_kernel_01_orig 10000000 512
Raxpy_gmp_kernel_01_mkII,Serial,1,10000000,512,0.690605000,28.960100,5.409509772,yes,/home/docker/gmpfrxx_mkII/build_bench_release/benchmarks/gmp/01_Raxpy/Raxpy_gmp_kernel_01_mkII 10000000 512
Raxpy_gmp_kernel_01_mkII,Serial,2,10000000,512,0.687841000,29.076500,5.362324238,yes,/home/docker/gmpfrxx_mkII/build_bench_release/benchmarks/gmp/01_Raxpy/Raxpy_gmp_kernel_01_mkII 10000000 512
Raxpy_gmp_kernel_01_mkII,Serial,3,10000000,512,0.684400000,29.222700,5.412048025,yes,/home/docker/gmpfrxx_mkII/build_bench_release/benchmarks/gmp/01_Raxpy/Raxpy_gmp_kernel_01_mkII 10000000 512
Raxpy_gmp_kernel_01_mkII,Serial,4,10000000,512,0.691248000,28.933200,5.382445840,yes,/home/docker/gmpfrxx_mkII/build_bench_release/benchmarks/gmp/01_Raxpy/Raxpy_gmp_kernel_01_mkII 10000000 512
Raxpy_gmp_kernel_01_mkII,Serial,5,10000000,512,0.681612000,29.342200,5.333871774,yes,/home/docker/gmpfrxx_mkII/build_bench_release/benchmarks/gmp/01_Raxpy/Raxpy_gmp_kernel_01_mkII 10000000 512
Raxpy_gmp_kernel_01_mkII,Serial,6,10000000,512,0.681135000,29.362800,5.359347593,yes,/home/docker/gmpfrxx_mkII/build_bench_release/benchmarks/gmp/01_Raxpy/Raxpy_gmp_kernel_01_mkII 10000000 512
Raxpy_gmp_kernel_01_mkII,Serial,7,10000000,512,0.705811000,28.336200,5.434300467,yes,/home/docker/gmpfrxx_mkII/build_bench_release/benchmarks/gmp/01_Raxpy/Raxpy_gmp_kernel_01_mkII 10000000 512
Raxpy_gmp_kernel_01_mkII,Serial,8,10000000,512,0.715107000,27.967800,5.457689365,yes,/home/docker/gmpfrxx_mkII/build_bench_release/benchmarks/gmp/01_Raxpy/Raxpy_gmp_kernel_01_mkII 10000000 512
Raxpy_gmp_kernel_01_mkII,Serial,9,10000000,512,0.699824000,28.578600,5.353915408,yes,/home/docker/gmpfrxx_mkII/build_bench_release/benchmarks/gmp/01_Raxpy/Raxpy_gmp_kernel_01_mkII 10000000 512
Raxpy_gmp_kernel_01_mkII,Serial,10,10000000,512,0.677876000,29.503900,5.304428391,yes,/home/docker/gmpfrxx_mkII/build_bench_release/benchmarks/gmp/01_Raxpy/Raxpy_gmp_kernel_01_mkII 10000000 512
Raxpy_gmp_kernel_01_mkII_FIXED_PRECISION_FASTPATH,Serial,1,10000000,512,0.627181000,31.888700,5.273704628,yes,/home/docker/gmpfrxx_mkII/build_bench_release/benchmarks/gmp/01_Raxpy/Raxpy_gmp_kernel_01_mkII_FIXED_PRECISION_FASTPATH 10000000 512
Raxpy_gmp_kernel_01_mkII_FIXED_PRECISION_FASTPATH,Serial,2,10000000,512,0.619156000,32.302000,5.203380391,yes,/home/docker/gmpfrxx_mkII/build_bench_release/benchmarks/gmp/01_Raxpy/Raxpy_gmp_kernel_01_mkII_FIXED_PRECISION_FASTPATH 10000000 512
Raxpy_gmp_kernel_01_mkII_FIXED_PRECISION_FASTPATH,Serial,3,10000000,512,0.613782000,32.584900,5.192206373,yes,/home/docker/gmpfrxx_mkII/build_bench_release/benchmarks/gmp/01_Raxpy/Raxpy_gmp_kernel_01_mkII_FIXED_PRECISION_FASTPATH 10000000 512
Raxpy_gmp_kernel_01_mkII_FIXED_PRECISION_FASTPATH,Serial,4,10000000,512,0.624175000,32.042300,5.305776075,yes,/home/docker/gmpfrxx_mkII/build_bench_release/benchmarks/gmp/01_Raxpy/Raxpy_gmp_kernel_01_mkII_FIXED_PRECISION_FASTPATH 10000000 512
Raxpy_gmp_kernel_01_mkII_FIXED_PRECISION_FASTPATH,Serial,5,10000000,512,0.605298000,33.041600,5.163775295,yes,/home/docker/gmpfrxx_mkII/build_bench_release/benchmarks/gmp/01_Raxpy/Raxpy_gmp_kernel_01_mkII_FIXED_PRECISION_FASTPATH 10000000 512
Raxpy_gmp_kernel_01_mkII_FIXED_PRECISION_FASTPATH,Serial,6,10000000,512,0.620123000,32.251700,5.264496928,yes,/home/docker/gmpfrxx_mkII/build_bench_release/benchmarks/gmp/01_Raxpy/Raxpy_gmp_kernel_01_mkII_FIXED_PRECISION_FASTPATH 10000000 512
Raxpy_gmp_kernel_01_mkII_FIXED_PRECISION_FASTPATH,Serial,7,10000000,512,0.628815000,31.805900,5.222046316,yes,/home/docker/gmpfrxx_mkII/build_bench_release/benchmarks/gmp/01_Raxpy/Raxpy_gmp_kernel_01_mkII_FIXED_PRECISION_FASTPATH 10000000 512
Raxpy_gmp_kernel_01_mkII_FIXED_PRECISION_FASTPATH,Serial,8,10000000,512,0.620712000,32.221100,5.178866807,yes,/home/docker/gmpfrxx_mkII/build_bench_release/benchmarks/gmp/01_Raxpy/Raxpy_gmp_kernel_01_mkII_FIXED_PRECISION_FASTPATH 10000000 512
Raxpy_gmp_kernel_01_mkII_FIXED_PRECISION_FASTPATH,Serial,9,10000000,512,0.613826000,32.582500,5.142170109,yes,/home/docker/gmpfrxx_mkII/build_bench_release/benchmarks/gmp/01_Raxpy/Raxpy_gmp_kernel_01_mkII_FIXED_PRECISION_FASTPATH 10000000 512
Raxpy_gmp_kernel_01_mkII_FIXED_PRECISION_FASTPATH,Serial,10,10000000,512,0.627567000,31.869100,5.224874886,yes,/home/docker/gmpfrxx_mkII/build_bench_release/benchmarks/gmp/01_Raxpy/Raxpy_gmp_kernel_01_mkII_FIXED_PRECISION_FASTPATH 10000000 512
Raxpy_gmp_kernel_02_orig,Serial,1,10000000,512,0.625658000,31.966300,5.059336556,yes,/home/docker/gmpfrxx_mkII/build_bench_release/benchmarks/gmp/01_Raxpy/Raxpy_gmp_kernel_02_orig 10000000 512
Raxpy_gmp_kernel_02_orig,Serial,2,10000000,512,0.626574000,31.919600,4.996416878,yes,/home/docker/gmpfrxx_mkII/build_bench_release/benchmarks/gmp/01_Raxpy/Raxpy_gmp_kernel_02_orig 10000000 512
Raxpy_gmp_kernel_02_orig,Serial,3,10000000,512,0.630559000,31.717900,5.052226182,yes,/home/docker/gmpfrxx_mkII/build_bench_release/benchmarks/gmp/01_Raxpy/Raxpy_gmp_kernel_02_orig 10000000 512
Raxpy_gmp_kernel_02_orig,Serial,4,10000000,512,0.631100000,31.690700,5.054455929,yes,/home/docker/gmpfrxx_mkII/build_bench_release/benchmarks/gmp/01_Raxpy/Raxpy_gmp_kernel_02_orig 10000000 512
Raxpy_gmp_kernel_02_orig,Serial,5,10000000,512,0.624491000,32.026100,5.023086248,yes,/home/docker/gmpfrxx_mkII/build_bench_release/benchmarks/gmp/01_Raxpy/Raxpy_gmp_kernel_02_orig 10000000 512
Raxpy_gmp_kernel_02_orig,Serial,6,10000000,512,0.629561000,31.768200,5.047881493,yes,/home/docker/gmpfrxx_mkII/build_bench_release/benchmarks/gmp/01_Raxpy/Raxpy_gmp_kernel_02_orig 10000000 512
Raxpy_gmp_kernel_02_orig,Serial,7,10000000,512,0.633718000,31.559800,5.069527166,yes,/home/docker/gmpfrxx_mkII/build_bench_release/benchmarks/gmp/01_Raxpy/Raxpy_gmp_kernel_02_orig 10000000 512
Raxpy_gmp_kernel_02_orig,Serial,8,10000000,512,0.630757000,31.707900,5.027437877,yes,/home/docker/gmpfrxx_mkII/build_bench_release/benchmarks/gmp/01_Raxpy/Raxpy_gmp_kernel_02_orig 10000000 512
Raxpy_gmp_kernel_02_orig,Serial,9,10000000,512,0.626439000,31.926500,5.040255813,yes,/home/docker/gmpfrxx_mkII/build_bench_release/benchmarks/gmp/01_Raxpy/Raxpy_gmp_kernel_02_orig 10000000 512
Raxpy_gmp_kernel_02_orig,Serial,10,10000000,512,0.630235000,31.734200,5.049233081,yes,/home/docker/gmpfrxx_mkII/build_bench_release/benchmarks/gmp/01_Raxpy/Raxpy_gmp_kernel_02_orig 10000000 512
Raxpy_gmp_kernel_02_mkII,Serial,1,10000000,512,0.615981000,32.468500,5.204307010,yes,/home/docker/gmpfrxx_mkII/build_bench_release/benchmarks/gmp/01_Raxpy/Raxpy_gmp_kernel_02_mkII 10000000 512
Raxpy_gmp_kernel_02_mkII,Serial,2,10000000,512,0.630028000,31.744600,5.364760906,yes,/home/docker/gmpfrxx_mkII/build_bench_release/benchmarks/gmp/01_Raxpy/Raxpy_gmp_kernel_02_mkII 10000000 512
Raxpy_gmp_kernel_02_mkII,Serial,3,10000000,512,0.627955000,31.849400,5.335050127,yes,/home/docker/gmpfrxx_mkII/build_bench_release/benchmarks/gmp/01_Raxpy/Raxpy_gmp_kernel_02_mkII 10000000 512
Raxpy_gmp_kernel_02_mkII,Serial,4,10000000,512,0.625512000,31.973800,5.302261522,yes,/home/docker/gmpfrxx_mkII/build_bench_release/benchmarks/gmp/01_Raxpy/Raxpy_gmp_kernel_02_mkII 10000000 512
Raxpy_gmp_kernel_02_mkII,Serial,5,10000000,512,0.624630000,32.019000,5.290822113,yes,/home/docker/gmpfrxx_mkII/build_bench_release/benchmarks/gmp/01_Raxpy/Raxpy_gmp_kernel_02_mkII 10000000 512
Raxpy_gmp_kernel_02_mkII,Serial,6,10000000,512,0.630652000,31.713200,5.347175708,yes,/home/docker/gmpfrxx_mkII/build_bench_release/benchmarks/gmp/01_Raxpy/Raxpy_gmp_kernel_02_mkII 10000000 512
Raxpy_gmp_kernel_02_mkII,Serial,7,10000000,512,0.636696000,31.412200,5.405952927,yes,/home/docker/gmpfrxx_mkII/build_bench_release/benchmarks/gmp/01_Raxpy/Raxpy_gmp_kernel_02_mkII 10000000 512
Raxpy_gmp_kernel_02_mkII,Serial,8,10000000,512,0.629066000,31.793200,5.344313234,yes,/home/docker/gmpfrxx_mkII/build_bench_release/benchmarks/gmp/01_Raxpy/Raxpy_gmp_kernel_02_mkII 10000000 512
Raxpy_gmp_kernel_02_mkII,Serial,9,10000000,512,0.625968000,31.950500,5.265883211,yes,/home/docker/gmpfrxx_mkII/build_bench_release/benchmarks/gmp/01_Raxpy/Raxpy_gmp_kernel_02_mkII 10000000 512
Raxpy_gmp_kernel_02_mkII,Serial,10,10000000,512,0.629611000,31.765600,5.298498681,yes,/home/docker/gmpfrxx_mkII/build_bench_release/benchmarks/gmp/01_Raxpy/Raxpy_gmp_kernel_02_mkII 10000000 512
Raxpy_gmp_kernel_02_mkII_FIXED_PRECISION_FASTPATH,Serial,1,10000000,512,0.626115000,31.943000,5.189689474,yes,/home/docker/gmpfrxx_mkII/build_bench_release/benchmarks/gmp/01_Raxpy/Raxpy_gmp_kernel_02_mkII_FIXED_PRECISION_FASTPATH 10000000 512
Raxpy_gmp_kernel_02_mkII_FIXED_PRECISION_FASTPATH,Serial,2,10000000,512,0.634187000,31.536400,5.230607897,yes,/home/docker/gmpfrxx_mkII/build_bench_release/benchmarks/gmp/01_Raxpy/Raxpy_gmp_kernel_02_mkII_FIXED_PRECISION_FASTPATH 10000000 512
Raxpy_gmp_kernel_02_mkII_FIXED_PRECISION_FASTPATH,Serial,3,10000000,512,0.630679000,31.711800,5.231278598,yes,/home/docker/gmpfrxx_mkII/build_bench_release/benchmarks/gmp/01_Raxpy/Raxpy_gmp_kernel_02_mkII_FIXED_PRECISION_FASTPATH 10000000 512
Raxpy_gmp_kernel_02_mkII_FIXED_PRECISION_FASTPATH,Serial,4,10000000,512,0.632828000,31.604200,5.212692661,yes,/home/docker/gmpfrxx_mkII/build_bench_release/benchmarks/gmp/01_Raxpy/Raxpy_gmp_kernel_02_mkII_FIXED_PRECISION_FASTPATH 10000000 512
Raxpy_gmp_kernel_02_mkII_FIXED_PRECISION_FASTPATH,Serial,5,10000000,512,0.628902000,31.801500,5.236490477,yes,/home/docker/gmpfrxx_mkII/build_bench_release/benchmarks/gmp/01_Raxpy/Raxpy_gmp_kernel_02_mkII_FIXED_PRECISION_FASTPATH 10000000 512
Raxpy_gmp_kernel_02_mkII_FIXED_PRECISION_FASTPATH,Serial,6,10000000,512,0.629382000,31.777200,5.200604137,yes,/home/docker/gmpfrxx_mkII/build_bench_release/benchmarks/gmp/01_Raxpy/Raxpy_gmp_kernel_02_mkII_FIXED_PRECISION_FASTPATH 10000000 512
Raxpy_gmp_kernel_02_mkII_FIXED_PRECISION_FASTPATH,Serial,7,10000000,512,0.625448000,31.977100,5.186404618,yes,/home/docker/gmpfrxx_mkII/build_bench_release/benchmarks/gmp/01_Raxpy/Raxpy_gmp_kernel_02_mkII_FIXED_PRECISION_FASTPATH 10000000 512
Raxpy_gmp_kernel_02_mkII_FIXED_PRECISION_FASTPATH,Serial,8,10000000,512,0.628493000,31.822200,5.191489678,yes,/home/docker/gmpfrxx_mkII/build_bench_release/benchmarks/gmp/01_Raxpy/Raxpy_gmp_kernel_02_mkII_FIXED_PRECISION_FASTPATH 10000000 512
Raxpy_gmp_kernel_02_mkII_FIXED_PRECISION_FASTPATH,Serial,9,10000000,512,0.636121000,31.440500,5.232713409,yes,/home/docker/gmpfrxx_mkII/build_bench_release/benchmarks/gmp/01_Raxpy/Raxpy_gmp_kernel_02_mkII_FIXED_PRECISION_FASTPATH 10000000 512
Raxpy_gmp_kernel_02_mkII_FIXED_PRECISION_FASTPATH,Serial,10,10000000,512,0.626394000,31.928800,5.211082535,yes,/home/docker/gmpfrxx_mkII/build_bench_release/benchmarks/gmp/01_Raxpy/Raxpy_gmp_kernel_02_mkII_FIXED_PRECISION_FASTPATH 10000000 512
Raxpy_gmp_kernel_03_orig,Serial,1,10000000,512,0.591467000,33.814200,5.115579210,yes,/home/docker/gmpfrxx_mkII/build_bench_release/benchmarks/gmp/01_Raxpy/Raxpy_gmp_kernel_03_orig 10000000 512
Raxpy_gmp_kernel_03_orig,Serial,2,10000000,512,0.591214000,33.828700,5.124012951,yes,/home/docker/gmpfrxx_mkII/build_bench_release/benchmarks/gmp/01_Raxpy/Raxpy_gmp_kernel_03_orig 10000000 512
Raxpy_gmp_kernel_03_orig,Serial,3,10000000,512,0.598901000,33.394500,5.184084831,yes,/home/docker/gmpfrxx_mkII/build_bench_release/benchmarks/gmp/01_Raxpy/Raxpy_gmp_kernel_03_orig 10000000 512
Raxpy_gmp_kernel_03_orig,Serial,4,10000000,512,0.590831000,33.850700,5.083744412,yes,/home/docker/gmpfrxx_mkII/build_bench_release/benchmarks/gmp/01_Raxpy/Raxpy_gmp_kernel_03_orig 10000000 512
Raxpy_gmp_kernel_03_orig,Serial,5,10000000,512,0.589609000,33.920800,5.052343996,yes,/home/docker/gmpfrxx_mkII/build_bench_release/benchmarks/gmp/01_Raxpy/Raxpy_gmp_kernel_03_orig 10000000 512
Raxpy_gmp_kernel_03_orig,Serial,6,10000000,512,0.594824000,33.623400,5.155239701,yes,/home/docker/gmpfrxx_mkII/build_bench_release/benchmarks/gmp/01_Raxpy/Raxpy_gmp_kernel_03_orig 10000000 512
Raxpy_gmp_kernel_03_orig,Serial,7,10000000,512,0.575793000,34.734700,4.996725295,yes,/home/docker/gmpfrxx_mkII/build_bench_release/benchmarks/gmp/01_Raxpy/Raxpy_gmp_kernel_03_orig 10000000 512
Raxpy_gmp_kernel_03_orig,Serial,8,10000000,512,0.599003000,33.388800,5.203976847,yes,/home/docker/gmpfrxx_mkII/build_bench_release/benchmarks/gmp/01_Raxpy/Raxpy_gmp_kernel_03_orig 10000000 512
Raxpy_gmp_kernel_03_orig,Serial,9,10000000,512,0.591517000,33.811400,5.095896250,yes,/home/docker/gmpfrxx_mkII/build_bench_release/benchmarks/gmp/01_Raxpy/Raxpy_gmp_kernel_03_orig 10000000 512
Raxpy_gmp_kernel_03_orig,Serial,10,10000000,512,0.576093000,34.716600,4.993364159,yes,/home/docker/gmpfrxx_mkII/build_bench_release/benchmarks/gmp/01_Raxpy/Raxpy_gmp_kernel_03_orig 10000000 512
Raxpy_gmp_kernel_03_mkII,Serial,1,10000000,512,0.596867000,33.508300,5.398654813,yes,/home/docker/gmpfrxx_mkII/build_bench_release/benchmarks/gmp/01_Raxpy/Raxpy_gmp_kernel_03_mkII 10000000 512
Raxpy_gmp_kernel_03_mkII,Serial,2,10000000,512,0.590357000,33.877800,5.384063207,yes,/home/docker/gmpfrxx_mkII/build_bench_release/benchmarks/gmp/01_Raxpy/Raxpy_gmp_kernel_03_mkII 10000000 512
Raxpy_gmp_kernel_03_mkII,Serial,3,10000000,512,0.591795000,33.795500,5.366653020,yes,/home/docker/gmpfrxx_mkII/build_bench_release/benchmarks/gmp/01_Raxpy/Raxpy_gmp_kernel_03_mkII 10000000 512
Raxpy_gmp_kernel_03_mkII,Serial,4,10000000,512,0.587273000,34.055700,5.347106494,yes,/home/docker/gmpfrxx_mkII/build_bench_release/benchmarks/gmp/01_Raxpy/Raxpy_gmp_kernel_03_mkII 10000000 512
Raxpy_gmp_kernel_03_mkII,Serial,5,10000000,512,0.597344000,33.481600,5.444108548,yes,/home/docker/gmpfrxx_mkII/build_bench_release/benchmarks/gmp/01_Raxpy/Raxpy_gmp_kernel_03_mkII 10000000 512
Raxpy_gmp_kernel_03_mkII,Serial,6,10000000,512,0.589865000,33.906000,5.353626128,yes,/home/docker/gmpfrxx_mkII/build_bench_release/benchmarks/gmp/01_Raxpy/Raxpy_gmp_kernel_03_mkII 10000000 512
Raxpy_gmp_kernel_03_mkII,Serial,7,10000000,512,0.597203000,33.489400,5.403176468,yes,/home/docker/gmpfrxx_mkII/build_bench_release/benchmarks/gmp/01_Raxpy/Raxpy_gmp_kernel_03_mkII 10000000 512
Raxpy_gmp_kernel_03_mkII,Serial,8,10000000,512,0.593686000,33.687800,5.351346198,yes,/home/docker/gmpfrxx_mkII/build_bench_release/benchmarks/gmp/01_Raxpy/Raxpy_gmp_kernel_03_mkII 10000000 512
Raxpy_gmp_kernel_03_mkII,Serial,9,10000000,512,0.592988000,33.727500,5.354613947,yes,/home/docker/gmpfrxx_mkII/build_bench_release/benchmarks/gmp/01_Raxpy/Raxpy_gmp_kernel_03_mkII 10000000 512
Raxpy_gmp_kernel_03_mkII,Serial,10,10000000,512,0.600832000,33.287200,5.378527779,yes,/home/docker/gmpfrxx_mkII/build_bench_release/benchmarks/gmp/01_Raxpy/Raxpy_gmp_kernel_03_mkII 10000000 512
Raxpy_gmp_kernel_03_mkII_FIXED_PRECISION_FASTPATH,Serial,1,10000000,512,0.593975000,33.671500,5.266885582,yes,/home/docker/gmpfrxx_mkII/build_bench_release/benchmarks/gmp/01_Raxpy/Raxpy_gmp_kernel_03_mkII_FIXED_PRECISION_FASTPATH 10000000 512
Raxpy_gmp_kernel_03_mkII_FIXED_PRECISION_FASTPATH,Serial,2,10000000,512,0.589254000,33.941200,5.267055279,yes,/home/docker/gmpfrxx_mkII/build_bench_release/benchmarks/gmp/01_Raxpy/Raxpy_gmp_kernel_03_mkII_FIXED_PRECISION_FASTPATH 10000000 512
Raxpy_gmp_kernel_03_mkII_FIXED_PRECISION_FASTPATH,Serial,3,10000000,512,0.601770000,33.235300,5.322479874,yes,/home/docker/gmpfrxx_mkII/build_bench_release/benchmarks/gmp/01_Raxpy/Raxpy_gmp_kernel_03_mkII_FIXED_PRECISION_FASTPATH 10000000 512
Raxpy_gmp_kernel_03_mkII_FIXED_PRECISION_FASTPATH,Serial,4,10000000,512,0.596776000,33.513400,5.306227747,yes,/home/docker/gmpfrxx_mkII/build_bench_release/benchmarks/gmp/01_Raxpy/Raxpy_gmp_kernel_03_mkII_FIXED_PRECISION_FASTPATH 10000000 512
Raxpy_gmp_kernel_03_mkII_FIXED_PRECISION_FASTPATH,Serial,5,10000000,512,0.598017000,33.443900,5.260331146,yes,/home/docker/gmpfrxx_mkII/build_bench_release/benchmarks/gmp/01_Raxpy/Raxpy_gmp_kernel_03_mkII_FIXED_PRECISION_FASTPATH 10000000 512
Raxpy_gmp_kernel_03_mkII_FIXED_PRECISION_FASTPATH,Serial,6,10000000,512,0.598876000,33.395900,5.311354255,yes,/home/docker/gmpfrxx_mkII/build_bench_release/benchmarks/gmp/01_Raxpy/Raxpy_gmp_kernel_03_mkII_FIXED_PRECISION_FASTPATH 10000000 512
Raxpy_gmp_kernel_03_mkII_FIXED_PRECISION_FASTPATH,Serial,7,10000000,512,0.587267000,34.056000,5.242879117,yes,/home/docker/gmpfrxx_mkII/build_bench_release/benchmarks/gmp/01_Raxpy/Raxpy_gmp_kernel_03_mkII_FIXED_PRECISION_FASTPATH 10000000 512
Raxpy_gmp_kernel_03_mkII_FIXED_PRECISION_FASTPATH,Serial,8,10000000,512,0.589534000,33.925100,5.241194678,yes,/home/docker/gmpfrxx_mkII/build_bench_release/benchmarks/gmp/01_Raxpy/Raxpy_gmp_kernel_03_mkII_FIXED_PRECISION_FASTPATH 10000000 512
Raxpy_gmp_kernel_03_mkII_FIXED_PRECISION_FASTPATH,Serial,9,10000000,512,0.578821000,34.553000,5.179194748,yes,/home/docker/gmpfrxx_mkII/build_bench_release/benchmarks/gmp/01_Raxpy/Raxpy_gmp_kernel_03_mkII_FIXED_PRECISION_FASTPATH 10000000 512
Raxpy_gmp_kernel_03_mkII_FIXED_PRECISION_FASTPATH,Serial,10,10000000,512,0.590775000,33.853800,5.242534548,yes,/home/docker/gmpfrxx_mkII/build_bench_release/benchmarks/gmp/01_Raxpy/Raxpy_gmp_kernel_03_mkII_FIXED_PRECISION_FASTPATH 10000000 512
Raxpy_gmp_kernel_04_orig,Serial,1,10000000,512,0.705217000,28.360100,5.213751277,yes,/home/docker/gmpfrxx_mkII/build_bench_release/benchmarks/gmp/01_Raxpy/Raxpy_gmp_kernel_04_orig 10000000 512
Raxpy_gmp_kernel_04_orig,Serial,2,10000000,512,0.706746000,28.298700,5.232071973,yes,/home/docker/gmpfrxx_mkII/build_bench_release/benchmarks/gmp/01_Raxpy/Raxpy_gmp_kernel_04_orig 10000000 512
Raxpy_gmp_kernel_04_orig,Serial,3,10000000,512,0.711298000,28.117600,5.293280685,yes,/home/docker/gmpfrxx_mkII/build_bench_release/benchmarks/gmp/01_Raxpy/Raxpy_gmp_kernel_04_orig 10000000 512
Raxpy_gmp_kernel_04_orig,Serial,4,10000000,512,0.705605000,28.344500,5.230152084,yes,/home/docker/gmpfrxx_mkII/build_bench_release/benchmarks/gmp/01_Raxpy/Raxpy_gmp_kernel_04_orig 10000000 512
Raxpy_gmp_kernel_04_orig,Serial,5,10000000,512,0.713394000,28.035000,5.252273403,yes,/home/docker/gmpfrxx_mkII/build_bench_release/benchmarks/gmp/01_Raxpy/Raxpy_gmp_kernel_04_orig 10000000 512
Raxpy_gmp_kernel_04_orig,Serial,6,10000000,512,0.709664000,28.182300,5.191789903,yes,/home/docker/gmpfrxx_mkII/build_bench_release/benchmarks/gmp/01_Raxpy/Raxpy_gmp_kernel_04_orig 10000000 512
Raxpy_gmp_kernel_04_orig,Serial,7,10000000,512,0.709513000,28.188400,5.222969797,yes,/home/docker/gmpfrxx_mkII/build_bench_release/benchmarks/gmp/01_Raxpy/Raxpy_gmp_kernel_04_orig 10000000 512
Raxpy_gmp_kernel_04_orig,Serial,8,10000000,512,0.698111000,28.648800,5.201168787,yes,/home/docker/gmpfrxx_mkII/build_bench_release/benchmarks/gmp/01_Raxpy/Raxpy_gmp_kernel_04_orig 10000000 512
Raxpy_gmp_kernel_04_orig,Serial,9,10000000,512,0.712778000,28.059200,5.230244448,yes,/home/docker/gmpfrxx_mkII/build_bench_release/benchmarks/gmp/01_Raxpy/Raxpy_gmp_kernel_04_orig 10000000 512
Raxpy_gmp_kernel_04_orig,Serial,10,10000000,512,0.699900000,28.575500,5.203479186,yes,/home/docker/gmpfrxx_mkII/build_bench_release/benchmarks/gmp/01_Raxpy/Raxpy_gmp_kernel_04_orig 10000000 512
Raxpy_gmp_kernel_04_mkII,Serial,1,10000000,512,0.696232000,28.726100,5.422209121,yes,/home/docker/gmpfrxx_mkII/build_bench_release/benchmarks/gmp/01_Raxpy/Raxpy_gmp_kernel_04_mkII 10000000 512
Raxpy_gmp_kernel_04_mkII,Serial,2,10000000,512,0.698116000,28.648500,5.409248795,yes,/home/docker/gmpfrxx_mkII/build_bench_release/benchmarks/gmp/01_Raxpy/Raxpy_gmp_kernel_04_mkII 10000000 512
Raxpy_gmp_kernel_04_mkII,Serial,3,10000000,512,0.694631000,28.792300,5.422043966,yes,/home/docker/gmpfrxx_mkII/build_bench_release/benchmarks/gmp/01_Raxpy/Raxpy_gmp_kernel_04_mkII 10000000 512
Raxpy_gmp_kernel_04_mkII,Serial,4,10000000,512,0.704097000,28.405200,5.466198949,yes,/home/docker/gmpfrxx_mkII/build_bench_release/benchmarks/gmp/01_Raxpy/Raxpy_gmp_kernel_04_mkII 10000000 512
Raxpy_gmp_kernel_04_mkII,Serial,5,10000000,512,0.698777000,28.621400,5.400830295,yes,/home/docker/gmpfrxx_mkII/build_bench_release/benchmarks/gmp/01_Raxpy/Raxpy_gmp_kernel_04_mkII 10000000 512
Raxpy_gmp_kernel_04_mkII,Serial,6,10000000,512,0.708962000,28.210300,5.447284535,yes,/home/docker/gmpfrxx_mkII/build_bench_release/benchmarks/gmp/01_Raxpy/Raxpy_gmp_kernel_04_mkII 10000000 512
Raxpy_gmp_kernel_04_mkII,Serial,7,10000000,512,0.704239000,28.399500,5.449967571,yes,/home/docker/gmpfrxx_mkII/build_bench_release/benchmarks/gmp/01_Raxpy/Raxpy_gmp_kernel_04_mkII 10000000 512
Raxpy_gmp_kernel_04_mkII,Serial,8,10000000,512,0.721401000,27.723800,5.444409253,yes,/home/docker/gmpfrxx_mkII/build_bench_release/benchmarks/gmp/01_Raxpy/Raxpy_gmp_kernel_04_mkII 10000000 512
Raxpy_gmp_kernel_04_mkII,Serial,9,10000000,512,0.699917000,28.574800,5.400104465,yes,/home/docker/gmpfrxx_mkII/build_bench_release/benchmarks/gmp/01_Raxpy/Raxpy_gmp_kernel_04_mkII 10000000 512
Raxpy_gmp_kernel_04_mkII,Serial,10,10000000,512,0.714576000,27.988600,5.440371644,yes,/home/docker/gmpfrxx_mkII/build_bench_release/benchmarks/gmp/01_Raxpy/Raxpy_gmp_kernel_04_mkII 10000000 512
Raxpy_gmp_kernel_04_mkII_FIXED_PRECISION_FASTPATH,Serial,1,10000000,512,0.793264000,25.212300,5.464262182,yes,/home/docker/gmpfrxx_mkII/build_bench_release/benchmarks/gmp/01_Raxpy/Raxpy_gmp_kernel_04_mkII_FIXED_PRECISION_FASTPATH 10000000 512
Raxpy_gmp_kernel_04_mkII_FIXED_PRECISION_FASTPATH,Serial,2,10000000,512,0.793703000,25.198300,5.478463927,yes,/home/docker/gmpfrxx_mkII/build_bench_release/benchmarks/gmp/01_Raxpy/Raxpy_gmp_kernel_04_mkII_FIXED_PRECISION_FASTPATH 10000000 512
Raxpy_gmp_kernel_04_mkII_FIXED_PRECISION_FASTPATH,Serial,3,10000000,512,0.790086000,25.313700,5.462270040,yes,/home/docker/gmpfrxx_mkII/build_bench_release/benchmarks/gmp/01_Raxpy/Raxpy_gmp_kernel_04_mkII_FIXED_PRECISION_FASTPATH 10000000 512
Raxpy_gmp_kernel_04_mkII_FIXED_PRECISION_FASTPATH,Serial,4,10000000,512,0.788878000,25.352500,5.439105019,yes,/home/docker/gmpfrxx_mkII/build_bench_release/benchmarks/gmp/01_Raxpy/Raxpy_gmp_kernel_04_mkII_FIXED_PRECISION_FASTPATH 10000000 512
Raxpy_gmp_kernel_04_mkII_FIXED_PRECISION_FASTPATH,Serial,5,10000000,512,0.775957000,25.774600,5.312275499,yes,/home/docker/gmpfrxx_mkII/build_bench_release/benchmarks/gmp/01_Raxpy/Raxpy_gmp_kernel_04_mkII_FIXED_PRECISION_FASTPATH 10000000 512
Raxpy_gmp_kernel_04_mkII_FIXED_PRECISION_FASTPATH,Serial,6,10000000,512,0.799887000,25.003500,5.503592189,yes,/home/docker/gmpfrxx_mkII/build_bench_release/benchmarks/gmp/01_Raxpy/Raxpy_gmp_kernel_04_mkII_FIXED_PRECISION_FASTPATH 10000000 512
Raxpy_gmp_kernel_04_mkII_FIXED_PRECISION_FASTPATH,Serial,7,10000000,512,0.792870000,25.224800,5.466336710,yes,/home/docker/gmpfrxx_mkII/build_bench_release/benchmarks/gmp/01_Raxpy/Raxpy_gmp_kernel_04_mkII_FIXED_PRECISION_FASTPATH 10000000 512
Raxpy_gmp_kernel_04_mkII_FIXED_PRECISION_FASTPATH,Serial,8,10000000,512,0.786602000,25.425800,5.425386295,yes,/home/docker/gmpfrxx_mkII/build_bench_release/benchmarks/gmp/01_Raxpy/Raxpy_gmp_kernel_04_mkII_FIXED_PRECISION_FASTPATH 10000000 512
Raxpy_gmp_kernel_04_mkII_FIXED_PRECISION_FASTPATH,Serial,9,10000000,512,0.791354000,25.273100,5.496157125,yes,/home/docker/gmpfrxx_mkII/build_bench_release/benchmarks/gmp/01_Raxpy/Raxpy_gmp_kernel_04_mkII_FIXED_PRECISION_FASTPATH 10000000 512
Raxpy_gmp_kernel_04_mkII_FIXED_PRECISION_FASTPATH,Serial,10,10000000,512,0.792736000,25.229100,5.642992180,yes,/home/docker/gmpfrxx_mkII/build_bench_release/benchmarks/gmp/01_Raxpy/Raxpy_gmp_kernel_04_mkII_FIXED_PRECISION_FASTPATH 10000000 512
Raxpy_gmp_C_native_openmp_01,OpenMP,1,10000000,512,0.050606800,395.204000,6.557705309,yes,/home/docker/gmpfrxx_mkII/build_bench_release/benchmarks/gmp/01_Raxpy/Raxpy_gmp_C_native_openmp_01 10000000 512
Raxpy_gmp_C_native_openmp_01,OpenMP,2,10000000,512,0.051260200,390.166000,6.644607509,yes,/home/docker/gmpfrxx_mkII/build_bench_release/benchmarks/gmp/01_Raxpy/Raxpy_gmp_C_native_openmp_01 10000000 512
Raxpy_gmp_C_native_openmp_01,OpenMP,3,10000000,512,0.051269500,390.096000,6.624122659,yes,/home/docker/gmpfrxx_mkII/build_bench_release/benchmarks/gmp/01_Raxpy/Raxpy_gmp_C_native_openmp_01 10000000 512
Raxpy_gmp_C_native_openmp_01,OpenMP,4,10000000,512,0.051770600,386.320000,6.672760544,yes,/home/docker/gmpfrxx_mkII/build_bench_release/benchmarks/gmp/01_Raxpy/Raxpy_gmp_C_native_openmp_01 10000000 512
Raxpy_gmp_C_native_openmp_01,OpenMP,5,10000000,512,0.051384600,389.221000,6.630476696,yes,/home/docker/gmpfrxx_mkII/build_bench_release/benchmarks/gmp/01_Raxpy/Raxpy_gmp_C_native_openmp_01 10000000 512
Raxpy_gmp_C_native_openmp_01,OpenMP,6,10000000,512,0.050787100,393.801000,6.608597597,yes,/home/docker/gmpfrxx_mkII/build_bench_release/benchmarks/gmp/01_Raxpy/Raxpy_gmp_C_native_openmp_01 10000000 512
Raxpy_gmp_C_native_openmp_01,OpenMP,7,10000000,512,0.050865700,393.192000,6.578031363,yes,/home/docker/gmpfrxx_mkII/build_bench_release/benchmarks/gmp/01_Raxpy/Raxpy_gmp_C_native_openmp_01 10000000 512
Raxpy_gmp_C_native_openmp_01,OpenMP,8,10000000,512,0.050856200,393.265000,6.589574659,yes,/home/docker/gmpfrxx_mkII/build_bench_release/benchmarks/gmp/01_Raxpy/Raxpy_gmp_C_native_openmp_01 10000000 512
Raxpy_gmp_C_native_openmp_01,OpenMP,9,10000000,512,0.051847100,385.749000,6.595637824,yes,/home/docker/gmpfrxx_mkII/build_bench_release/benchmarks/gmp/01_Raxpy/Raxpy_gmp_C_native_openmp_01 10000000 512
Raxpy_gmp_C_native_openmp_01,OpenMP,10,10000000,512,0.051377300,389.277000,6.554694250,yes,/home/docker/gmpfrxx_mkII/build_bench_release/benchmarks/gmp/01_Raxpy/Raxpy_gmp_C_native_openmp_01 10000000 512
Raxpy_gmp_kernel_openmp_01_orig,OpenMP,1,10000000,512,0.051638300,387.309000,4.396797115,yes,/home/docker/gmpfrxx_mkII/build_bench_release/benchmarks/gmp/01_Raxpy/Raxpy_gmp_kernel_openmp_01_orig 10000000 512
Raxpy_gmp_kernel_openmp_01_orig,OpenMP,2,10000000,512,0.051675300,387.032000,4.440670112,yes,/home/docker/gmpfrxx_mkII/build_bench_release/benchmarks/gmp/01_Raxpy/Raxpy_gmp_kernel_openmp_01_orig 10000000 512
Raxpy_gmp_kernel_openmp_01_orig,OpenMP,3,10000000,512,0.051784100,386.219000,4.432987891,yes,/home/docker/gmpfrxx_mkII/build_bench_release/benchmarks/gmp/01_Raxpy/Raxpy_gmp_kernel_openmp_01_orig 10000000 512
Raxpy_gmp_kernel_openmp_01_orig,OpenMP,4,10000000,512,0.051912400,385.265000,4.411093740,yes,/home/docker/gmpfrxx_mkII/build_bench_release/benchmarks/gmp/01_Raxpy/Raxpy_gmp_kernel_openmp_01_orig 10000000 512
Raxpy_gmp_kernel_openmp_01_orig,OpenMP,5,10000000,512,0.051517900,388.214000,4.437757423,yes,/home/docker/gmpfrxx_mkII/build_bench_release/benchmarks/gmp/01_Raxpy/Raxpy_gmp_kernel_openmp_01_orig 10000000 512
Raxpy_gmp_kernel_openmp_01_orig,OpenMP,6,10000000,512,0.052447200,381.336000,4.432523664,yes,/home/docker/gmpfrxx_mkII/build_bench_release/benchmarks/gmp/01_Raxpy/Raxpy_gmp_kernel_openmp_01_orig 10000000 512
Raxpy_gmp_kernel_openmp_01_orig,OpenMP,7,10000000,512,0.051088200,391.480000,4.524998225,yes,/home/docker/gmpfrxx_mkII/build_bench_release/benchmarks/gmp/01_Raxpy/Raxpy_gmp_kernel_openmp_01_orig 10000000 512
Raxpy_gmp_kernel_openmp_01_orig,OpenMP,8,10000000,512,0.052223800,382.967000,4.445466220,yes,/home/docker/gmpfrxx_mkII/build_bench_release/benchmarks/gmp/01_Raxpy/Raxpy_gmp_kernel_openmp_01_orig 10000000 512
Raxpy_gmp_kernel_openmp_01_orig,OpenMP,9,10000000,512,0.051461100,388.643000,4.434651533,yes,/home/docker/gmpfrxx_mkII/build_bench_release/benchmarks/gmp/01_Raxpy/Raxpy_gmp_kernel_openmp_01_orig 10000000 512
Raxpy_gmp_kernel_openmp_01_orig,OpenMP,10,10000000,512,0.051679600,387.000000,4.412674820,yes,/home/docker/gmpfrxx_mkII/build_bench_release/benchmarks/gmp/01_Raxpy/Raxpy_gmp_kernel_openmp_01_orig 10000000 512
Raxpy_gmp_kernel_openmp_01_mkII,OpenMP,1,10000000,512,0.051153100,390.983000,4.699971125,yes,/home/docker/gmpfrxx_mkII/build_bench_release/benchmarks/gmp/01_Raxpy/Raxpy_gmp_kernel_openmp_01_mkII 10000000 512
Raxpy_gmp_kernel_openmp_01_mkII,OpenMP,2,10000000,512,0.051262800,390.146000,4.724355184,yes,/home/docker/gmpfrxx_mkII/build_bench_release/benchmarks/gmp/01_Raxpy/Raxpy_gmp_kernel_openmp_01_mkII 10000000 512
Raxpy_gmp_kernel_openmp_01_mkII,OpenMP,3,10000000,512,0.051263800,390.139000,4.670200443,yes,/home/docker/gmpfrxx_mkII/build_bench_release/benchmarks/gmp/01_Raxpy/Raxpy_gmp_kernel_openmp_01_mkII 10000000 512
Raxpy_gmp_kernel_openmp_01_mkII,OpenMP,4,10000000,512,0.051118800,391.245000,4.669900095,yes,/home/docker/gmpfrxx_mkII/build_bench_release/benchmarks/gmp/01_Raxpy/Raxpy_gmp_kernel_openmp_01_mkII 10000000 512
Raxpy_gmp_kernel_openmp_01_mkII,OpenMP,5,10000000,512,0.051198800,390.634000,4.687235001,yes,/home/docker/gmpfrxx_mkII/build_bench_release/benchmarks/gmp/01_Raxpy/Raxpy_gmp_kernel_openmp_01_mkII 10000000 512
Raxpy_gmp_kernel_openmp_01_mkII,OpenMP,6,10000000,512,0.051295800,389.895000,4.707484918,yes,/home/docker/gmpfrxx_mkII/build_bench_release/benchmarks/gmp/01_Raxpy/Raxpy_gmp_kernel_openmp_01_mkII 10000000 512
Raxpy_gmp_kernel_openmp_01_mkII,OpenMP,7,10000000,512,0.050656500,394.816000,4.679746579,yes,/home/docker/gmpfrxx_mkII/build_bench_release/benchmarks/gmp/01_Raxpy/Raxpy_gmp_kernel_openmp_01_mkII 10000000 512
Raxpy_gmp_kernel_openmp_01_mkII,OpenMP,8,10000000,512,0.052921100,377.921000,4.707480976,yes,/home/docker/gmpfrxx_mkII/build_bench_release/benchmarks/gmp/01_Raxpy/Raxpy_gmp_kernel_openmp_01_mkII 10000000 512
Raxpy_gmp_kernel_openmp_01_mkII,OpenMP,9,10000000,512,0.050767400,393.954000,4.697402382,yes,/home/docker/gmpfrxx_mkII/build_bench_release/benchmarks/gmp/01_Raxpy/Raxpy_gmp_kernel_openmp_01_mkII 10000000 512
Raxpy_gmp_kernel_openmp_01_mkII,OpenMP,10,10000000,512,0.050962600,392.445000,4.692915225,yes,/home/docker/gmpfrxx_mkII/build_bench_release/benchmarks/gmp/01_Raxpy/Raxpy_gmp_kernel_openmp_01_mkII 10000000 512
Raxpy_gmp_kernel_openmp_01_mkII_FIXED_PRECISION_FASTPATH,OpenMP,1,10000000,512,0.050843100,393.367000,4.650090979,yes,/home/docker/gmpfrxx_mkII/build_bench_release/benchmarks/gmp/01_Raxpy/Raxpy_gmp_kernel_openmp_01_mkII_FIXED_PRECISION_FASTPATH 10000000 512
Raxpy_gmp_kernel_openmp_01_mkII_FIXED_PRECISION_FASTPATH,OpenMP,2,10000000,512,0.051036100,391.880000,4.636583317,yes,/home/docker/gmpfrxx_mkII/build_bench_release/benchmarks/gmp/01_Raxpy/Raxpy_gmp_kernel_openmp_01_mkII_FIXED_PRECISION_FASTPATH 10000000 512
Raxpy_gmp_kernel_openmp_01_mkII_FIXED_PRECISION_FASTPATH,OpenMP,3,10000000,512,0.050891400,392.993000,4.634280305,yes,/home/docker/gmpfrxx_mkII/build_bench_release/benchmarks/gmp/01_Raxpy/Raxpy_gmp_kernel_openmp_01_mkII_FIXED_PRECISION_FASTPATH 10000000 512
Raxpy_gmp_kernel_openmp_01_mkII_FIXED_PRECISION_FASTPATH,OpenMP,4,10000000,512,0.050906900,392.874000,4.628046352,yes,/home/docker/gmpfrxx_mkII/build_bench_release/benchmarks/gmp/01_Raxpy/Raxpy_gmp_kernel_openmp_01_mkII_FIXED_PRECISION_FASTPATH 10000000 512
Raxpy_gmp_kernel_openmp_01_mkII_FIXED_PRECISION_FASTPATH,OpenMP,5,10000000,512,0.051095300,391.425000,4.616962805,yes,/home/docker/gmpfrxx_mkII/build_bench_release/benchmarks/gmp/01_Raxpy/Raxpy_gmp_kernel_openmp_01_mkII_FIXED_PRECISION_FASTPATH 10000000 512
Raxpy_gmp_kernel_openmp_01_mkII_FIXED_PRECISION_FASTPATH,OpenMP,6,10000000,512,0.050670700,394.705000,4.639057523,yes,/home/docker/gmpfrxx_mkII/build_bench_release/benchmarks/gmp/01_Raxpy/Raxpy_gmp_kernel_openmp_01_mkII_FIXED_PRECISION_FASTPATH 10000000 512
Raxpy_gmp_kernel_openmp_01_mkII_FIXED_PRECISION_FASTPATH,OpenMP,7,10000000,512,0.050624900,395.063000,4.689293953,yes,/home/docker/gmpfrxx_mkII/build_bench_release/benchmarks/gmp/01_Raxpy/Raxpy_gmp_kernel_openmp_01_mkII_FIXED_PRECISION_FASTPATH 10000000 512
Raxpy_gmp_kernel_openmp_01_mkII_FIXED_PRECISION_FASTPATH,OpenMP,8,10000000,512,0.050784100,393.824000,4.694107981,yes,/home/docker/gmpfrxx_mkII/build_bench_release/benchmarks/gmp/01_Raxpy/Raxpy_gmp_kernel_openmp_01_mkII_FIXED_PRECISION_FASTPATH 10000000 512
Raxpy_gmp_kernel_openmp_01_mkII_FIXED_PRECISION_FASTPATH,OpenMP,9,10000000,512,0.050884100,393.050000,4.630134836,yes,/home/docker/gmpfrxx_mkII/build_bench_release/benchmarks/gmp/01_Raxpy/Raxpy_gmp_kernel_openmp_01_mkII_FIXED_PRECISION_FASTPATH 10000000 512
Raxpy_gmp_kernel_openmp_01_mkII_FIXED_PRECISION_FASTPATH,OpenMP,10,10000000,512,0.051149200,391.013000,4.629104655,yes,/home/docker/gmpfrxx_mkII/build_bench_release/benchmarks/gmp/01_Raxpy/Raxpy_gmp_kernel_openmp_01_mkII_FIXED_PRECISION_FASTPATH 10000000 512
Raxpy_gmp_kernel_openmp_02_orig,OpenMP,1,10000000,512,0.051651700,387.209000,4.410931261,yes,/home/docker/gmpfrxx_mkII/build_bench_release/benchmarks/gmp/01_Raxpy/Raxpy_gmp_kernel_openmp_02_orig 10000000 512
Raxpy_gmp_kernel_openmp_02_orig,OpenMP,2,10000000,512,0.051161700,390.917000,4.418325322,yes,/home/docker/gmpfrxx_mkII/build_bench_release/benchmarks/gmp/01_Raxpy/Raxpy_gmp_kernel_openmp_02_orig 10000000 512
Raxpy_gmp_kernel_openmp_02_orig,OpenMP,3,10000000,512,0.050899300,392.933000,4.373711718,yes,/home/docker/gmpfrxx_mkII/build_bench_release/benchmarks/gmp/01_Raxpy/Raxpy_gmp_kernel_openmp_02_orig 10000000 512
Raxpy_gmp_kernel_openmp_02_orig,OpenMP,4,10000000,512,0.051790100,386.174000,4.391896199,yes,/home/docker/gmpfrxx_mkII/build_bench_release/benchmarks/gmp/01_Raxpy/Raxpy_gmp_kernel_openmp_02_orig 10000000 512
Raxpy_gmp_kernel_openmp_02_orig,OpenMP,5,10000000,512,0.050893000,392.981000,4.420123015,yes,/home/docker/gmpfrxx_mkII/build_bench_release/benchmarks/gmp/01_Raxpy/Raxpy_gmp_kernel_openmp_02_orig 10000000 512
Raxpy_gmp_kernel_openmp_02_orig,OpenMP,6,10000000,512,0.051099500,391.393000,4.438943734,yes,/home/docker/gmpfrxx_mkII/build_bench_release/benchmarks/gmp/01_Raxpy/Raxpy_gmp_kernel_openmp_02_orig 10000000 512
Raxpy_gmp_kernel_openmp_02_orig,OpenMP,7,10000000,512,0.050860000,393.237000,4.410885409,yes,/home/docker/gmpfrxx_mkII/build_bench_release/benchmarks/gmp/01_Raxpy/Raxpy_gmp_kernel_openmp_02_orig 10000000 512
Raxpy_gmp_kernel_openmp_02_orig,OpenMP,8,10000000,512,0.050864200,393.204000,4.409671566,yes,/home/docker/gmpfrxx_mkII/build_bench_release/benchmarks/gmp/01_Raxpy/Raxpy_gmp_kernel_openmp_02_orig 10000000 512
Raxpy_gmp_kernel_openmp_02_orig,OpenMP,9,10000000,512,0.050767900,393.950000,4.389488900,yes,/home/docker/gmpfrxx_mkII/build_bench_release/benchmarks/gmp/01_Raxpy/Raxpy_gmp_kernel_openmp_02_orig 10000000 512
Raxpy_gmp_kernel_openmp_02_orig,OpenMP,10,10000000,512,0.051121300,391.226000,4.396766314,yes,/home/docker/gmpfrxx_mkII/build_bench_release/benchmarks/gmp/01_Raxpy/Raxpy_gmp_kernel_openmp_02_orig 10000000 512
Raxpy_gmp_kernel_openmp_02_mkII,OpenMP,1,10000000,512,0.051146300,391.035000,4.654639581,yes,/home/docker/gmpfrxx_mkII/build_bench_release/benchmarks/gmp/01_Raxpy/Raxpy_gmp_kernel_openmp_02_mkII 10000000 512
Raxpy_gmp_kernel_openmp_02_mkII,OpenMP,2,10000000,512,0.050968500,392.399000,4.673051387,yes,/home/docker/gmpfrxx_mkII/build_bench_release/benchmarks/gmp/01_Raxpy/Raxpy_gmp_kernel_openmp_02_mkII 10000000 512
Raxpy_gmp_kernel_openmp_02_mkII,OpenMP,3,10000000,512,0.051254000,390.213000,4.735511407,yes,/home/docker/gmpfrxx_mkII/build_bench_release/benchmarks/gmp/01_Raxpy/Raxpy_gmp_kernel_openmp_02_mkII 10000000 512
Raxpy_gmp_kernel_openmp_02_mkII,OpenMP,4,10000000,512,0.051236700,390.346000,4.674453847,yes,/home/docker/gmpfrxx_mkII/build_bench_release/benchmarks/gmp/01_Raxpy/Raxpy_gmp_kernel_openmp_02_mkII 10000000 512
Raxpy_gmp_kernel_openmp_02_mkII,OpenMP,5,10000000,512,0.050768500,393.945000,4.628610743,yes,/home/docker/gmpfrxx_mkII/build_bench_release/benchmarks/gmp/01_Raxpy/Raxpy_gmp_kernel_openmp_02_mkII 10000000 512
Raxpy_gmp_kernel_openmp_02_mkII,OpenMP,6,10000000,512,0.051205300,390.585000,4.715319134,yes,/home/docker/gmpfrxx_mkII/build_bench_release/benchmarks/gmp/01_Raxpy/Raxpy_gmp_kernel_openmp_02_mkII 10000000 512
Raxpy_gmp_kernel_openmp_02_mkII,OpenMP,7,10000000,512,0.051717800,386.714000,4.695879983,yes,/home/docker/gmpfrxx_mkII/build_bench_release/benchmarks/gmp/01_Raxpy/Raxpy_gmp_kernel_openmp_02_mkII 10000000 512
Raxpy_gmp_kernel_openmp_02_mkII,OpenMP,8,10000000,512,0.050680900,394.626000,4.679455997,yes,/home/docker/gmpfrxx_mkII/build_bench_release/benchmarks/gmp/01_Raxpy/Raxpy_gmp_kernel_openmp_02_mkII 10000000 512
Raxpy_gmp_kernel_openmp_02_mkII,OpenMP,9,10000000,512,0.051712900,386.751000,4.720956564,yes,/home/docker/gmpfrxx_mkII/build_bench_release/benchmarks/gmp/01_Raxpy/Raxpy_gmp_kernel_openmp_02_mkII 10000000 512
Raxpy_gmp_kernel_openmp_02_mkII,OpenMP,10,10000000,512,0.051185900,390.733000,4.677458175,yes,/home/docker/gmpfrxx_mkII/build_bench_release/benchmarks/gmp/01_Raxpy/Raxpy_gmp_kernel_openmp_02_mkII 10000000 512
Raxpy_gmp_kernel_openmp_02_mkII_FIXED_PRECISION_FASTPATH,OpenMP,1,10000000,512,0.051653900,387.192000,4.580320720,yes,/home/docker/gmpfrxx_mkII/build_bench_release/benchmarks/gmp/01_Raxpy/Raxpy_gmp_kernel_openmp_02_mkII_FIXED_PRECISION_FASTPATH 10000000 512
Raxpy_gmp_kernel_openmp_02_mkII_FIXED_PRECISION_FASTPATH,OpenMP,2,10000000,512,0.051090100,391.465000,4.624921955,yes,/home/docker/gmpfrxx_mkII/build_bench_release/benchmarks/gmp/01_Raxpy/Raxpy_gmp_kernel_openmp_02_mkII_FIXED_PRECISION_FASTPATH 10000000 512
Raxpy_gmp_kernel_openmp_02_mkII_FIXED_PRECISION_FASTPATH,OpenMP,3,10000000,512,0.050786300,393.807000,4.665495850,yes,/home/docker/gmpfrxx_mkII/build_bench_release/benchmarks/gmp/01_Raxpy/Raxpy_gmp_kernel_openmp_02_mkII_FIXED_PRECISION_FASTPATH 10000000 512
Raxpy_gmp_kernel_openmp_02_mkII_FIXED_PRECISION_FASTPATH,OpenMP,4,10000000,512,0.050912200,392.833000,4.653151546,yes,/home/docker/gmpfrxx_mkII/build_bench_release/benchmarks/gmp/01_Raxpy/Raxpy_gmp_kernel_openmp_02_mkII_FIXED_PRECISION_FASTPATH 10000000 512
Raxpy_gmp_kernel_openmp_02_mkII_FIXED_PRECISION_FASTPATH,OpenMP,5,10000000,512,0.050896100,392.957000,4.602461761,yes,/home/docker/gmpfrxx_mkII/build_bench_release/benchmarks/gmp/01_Raxpy/Raxpy_gmp_kernel_openmp_02_mkII_FIXED_PRECISION_FASTPATH 10000000 512
Raxpy_gmp_kernel_openmp_02_mkII_FIXED_PRECISION_FASTPATH,OpenMP,6,10000000,512,0.050974200,392.356000,4.613798827,yes,/home/docker/gmpfrxx_mkII/build_bench_release/benchmarks/gmp/01_Raxpy/Raxpy_gmp_kernel_openmp_02_mkII_FIXED_PRECISION_FASTPATH 10000000 512
Raxpy_gmp_kernel_openmp_02_mkII_FIXED_PRECISION_FASTPATH,OpenMP,7,10000000,512,0.051108400,391.325000,4.614894504,yes,/home/docker/gmpfrxx_mkII/build_bench_release/benchmarks/gmp/01_Raxpy/Raxpy_gmp_kernel_openmp_02_mkII_FIXED_PRECISION_FASTPATH 10000000 512
Raxpy_gmp_kernel_openmp_02_mkII_FIXED_PRECISION_FASTPATH,OpenMP,8,10000000,512,0.050981600,392.299000,4.611173429,yes,/home/docker/gmpfrxx_mkII/build_bench_release/benchmarks/gmp/01_Raxpy/Raxpy_gmp_kernel_openmp_02_mkII_FIXED_PRECISION_FASTPATH 10000000 512
Raxpy_gmp_kernel_openmp_02_mkII_FIXED_PRECISION_FASTPATH,OpenMP,9,10000000,512,0.050737600,394.185000,4.599947929,yes,/home/docker/gmpfrxx_mkII/build_bench_release/benchmarks/gmp/01_Raxpy/Raxpy_gmp_kernel_openmp_02_mkII_FIXED_PRECISION_FASTPATH 10000000 512
Raxpy_gmp_kernel_openmp_02_mkII_FIXED_PRECISION_FASTPATH,OpenMP,10,10000000,512,0.051154500,390.972000,4.592280811,yes,/home/docker/gmpfrxx_mkII/build_bench_release/benchmarks/gmp/01_Raxpy/Raxpy_gmp_kernel_openmp_02_mkII_FIXED_PRECISION_FASTPATH 10000000 512
Raxpy_gmp_kernel_openmp_03_orig,OpenMP,1,10000000,512,0.050876900,393.106000,4.567172190,yes,/home/docker/gmpfrxx_mkII/build_bench_release/benchmarks/gmp/01_Raxpy/Raxpy_gmp_kernel_openmp_03_orig 10000000 512
Raxpy_gmp_kernel_openmp_03_orig,OpenMP,2,10000000,512,0.051013900,392.050000,4.615143089,yes,/home/docker/gmpfrxx_mkII/build_bench_release/benchmarks/gmp/01_Raxpy/Raxpy_gmp_kernel_openmp_03_orig 10000000 512
Raxpy_gmp_kernel_openmp_03_orig,OpenMP,3,10000000,512,0.050379200,396.989000,4.584631089,yes,/home/docker/gmpfrxx_mkII/build_bench_release/benchmarks/gmp/01_Raxpy/Raxpy_gmp_kernel_openmp_03_orig 10000000 512
Raxpy_gmp_kernel_openmp_03_orig,OpenMP,4,10000000,512,0.051318100,389.726000,4.580763353,yes,/home/docker/gmpfrxx_mkII/build_bench_release/benchmarks/gmp/01_Raxpy/Raxpy_gmp_kernel_openmp_03_orig 10000000 512
Raxpy_gmp_kernel_openmp_03_orig,OpenMP,5,10000000,512,0.050909100,392.857000,4.552189387,yes,/home/docker/gmpfrxx_mkII/build_bench_release/benchmarks/gmp/01_Raxpy/Raxpy_gmp_kernel_openmp_03_orig 10000000 512
Raxpy_gmp_kernel_openmp_03_orig,OpenMP,6,10000000,512,0.051384200,389.225000,4.623737022,yes,/home/docker/gmpfrxx_mkII/build_bench_release/benchmarks/gmp/01_Raxpy/Raxpy_gmp_kernel_openmp_03_orig 10000000 512
Raxpy_gmp_kernel_openmp_03_orig,OpenMP,7,10000000,512,0.050748400,394.101000,4.584977178,yes,/home/docker/gmpfrxx_mkII/build_bench_release/benchmarks/gmp/01_Raxpy/Raxpy_gmp_kernel_openmp_03_orig 10000000 512
Raxpy_gmp_kernel_openmp_03_orig,OpenMP,8,10000000,512,0.050713300,394.374000,4.585177707,yes,/home/docker/gmpfrxx_mkII/build_bench_release/benchmarks/gmp/01_Raxpy/Raxpy_gmp_kernel_openmp_03_orig 10000000 512
Raxpy_gmp_kernel_openmp_03_orig,OpenMP,9,10000000,512,0.051118200,391.250000,4.600360613,yes,/home/docker/gmpfrxx_mkII/build_bench_release/benchmarks/gmp/01_Raxpy/Raxpy_gmp_kernel_openmp_03_orig 10000000 512
Raxpy_gmp_kernel_openmp_03_orig,OpenMP,10,10000000,512,0.050904800,392.890000,4.585007004,yes,/home/docker/gmpfrxx_mkII/build_bench_release/benchmarks/gmp/01_Raxpy/Raxpy_gmp_kernel_openmp_03_orig 10000000 512
Raxpy_gmp_kernel_openmp_03_mkII,OpenMP,1,10000000,512,0.050993600,392.206000,4.842012675,yes,/home/docker/gmpfrxx_mkII/build_bench_release/benchmarks/gmp/01_Raxpy/Raxpy_gmp_kernel_openmp_03_mkII 10000000 512
Raxpy_gmp_kernel_openmp_03_mkII,OpenMP,2,10000000,512,0.050672900,394.688000,4.864730256,yes,/home/docker/gmpfrxx_mkII/build_bench_release/benchmarks/gmp/01_Raxpy/Raxpy_gmp_kernel_openmp_03_mkII 10000000 512
Raxpy_gmp_kernel_openmp_03_mkII,OpenMP,3,10000000,512,0.053267600,375.463000,4.834154630,yes,/home/docker/gmpfrxx_mkII/build_bench_release/benchmarks/gmp/01_Raxpy/Raxpy_gmp_kernel_openmp_03_mkII 10000000 512
Raxpy_gmp_kernel_openmp_03_mkII,OpenMP,4,10000000,512,0.051430200,388.877000,4.851468692,yes,/home/docker/gmpfrxx_mkII/build_bench_release/benchmarks/gmp/01_Raxpy/Raxpy_gmp_kernel_openmp_03_mkII 10000000 512
Raxpy_gmp_kernel_openmp_03_mkII,OpenMP,5,10000000,512,0.051062200,391.679000,4.810354708,yes,/home/docker/gmpfrxx_mkII/build_bench_release/benchmarks/gmp/01_Raxpy/Raxpy_gmp_kernel_openmp_03_mkII 10000000 512
Raxpy_gmp_kernel_openmp_03_mkII,OpenMP,6,10000000,512,0.050837400,393.411000,4.808622595,yes,/home/docker/gmpfrxx_mkII/build_bench_release/benchmarks/gmp/01_Raxpy/Raxpy_gmp_kernel_openmp_03_mkII 10000000 512
Raxpy_gmp_kernel_openmp_03_mkII,OpenMP,7,10000000,512,0.050790000,393.778000,4.846320268,yes,/home/docker/gmpfrxx_mkII/build_bench_release/benchmarks/gmp/01_Raxpy/Raxpy_gmp_kernel_openmp_03_mkII 10000000 512
Raxpy_gmp_kernel_openmp_03_mkII,OpenMP,8,10000000,512,0.051115900,391.268000,4.809919428,yes,/home/docker/gmpfrxx_mkII/build_bench_release/benchmarks/gmp/01_Raxpy/Raxpy_gmp_kernel_openmp_03_mkII 10000000 512
Raxpy_gmp_kernel_openmp_03_mkII,OpenMP,9,10000000,512,0.051311300,389.777000,4.847431768,yes,/home/docker/gmpfrxx_mkII/build_bench_release/benchmarks/gmp/01_Raxpy/Raxpy_gmp_kernel_openmp_03_mkII 10000000 512
Raxpy_gmp_kernel_openmp_03_mkII,OpenMP,10,10000000,512,0.050921600,392.761000,4.872676812,yes,/home/docker/gmpfrxx_mkII/build_bench_release/benchmarks/gmp/01_Raxpy/Raxpy_gmp_kernel_openmp_03_mkII 10000000 512
Raxpy_gmp_kernel_openmp_03_mkII_FIXED_PRECISION_FASTPATH,OpenMP,1,10000000,512,0.050691600,394.542000,4.815792060,yes,/home/docker/gmpfrxx_mkII/build_bench_release/benchmarks/gmp/01_Raxpy/Raxpy_gmp_kernel_openmp_03_mkII_FIXED_PRECISION_FASTPATH 10000000 512
Raxpy_gmp_kernel_openmp_03_mkII_FIXED_PRECISION_FASTPATH,OpenMP,2,10000000,512,0.050801800,393.687000,4.789681099,yes,/home/docker/gmpfrxx_mkII/build_bench_release/benchmarks/gmp/01_Raxpy/Raxpy_gmp_kernel_openmp_03_mkII_FIXED_PRECISION_FASTPATH 10000000 512
Raxpy_gmp_kernel_openmp_03_mkII_FIXED_PRECISION_FASTPATH,OpenMP,3,10000000,512,0.050995200,392.194000,4.824431872,yes,/home/docker/gmpfrxx_mkII/build_bench_release/benchmarks/gmp/01_Raxpy/Raxpy_gmp_kernel_openmp_03_mkII_FIXED_PRECISION_FASTPATH 10000000 512
Raxpy_gmp_kernel_openmp_03_mkII_FIXED_PRECISION_FASTPATH,OpenMP,4,10000000,512,0.051508400,388.286000,4.785730373,yes,/home/docker/gmpfrxx_mkII/build_bench_release/benchmarks/gmp/01_Raxpy/Raxpy_gmp_kernel_openmp_03_mkII_FIXED_PRECISION_FASTPATH 10000000 512
Raxpy_gmp_kernel_openmp_03_mkII_FIXED_PRECISION_FASTPATH,OpenMP,5,10000000,512,0.050983900,392.281000,4.795614170,yes,/home/docker/gmpfrxx_mkII/build_bench_release/benchmarks/gmp/01_Raxpy/Raxpy_gmp_kernel_openmp_03_mkII_FIXED_PRECISION_FASTPATH 10000000 512
Raxpy_gmp_kernel_openmp_03_mkII_FIXED_PRECISION_FASTPATH,OpenMP,6,10000000,512,0.051026800,391.951000,4.861316033,yes,/home/docker/gmpfrxx_mkII/build_bench_release/benchmarks/gmp/01_Raxpy/Raxpy_gmp_kernel_openmp_03_mkII_FIXED_PRECISION_FASTPATH 10000000 512
Raxpy_gmp_kernel_openmp_03_mkII_FIXED_PRECISION_FASTPATH,OpenMP,7,10000000,512,0.050739000,394.174000,4.808072181,yes,/home/docker/gmpfrxx_mkII/build_bench_release/benchmarks/gmp/01_Raxpy/Raxpy_gmp_kernel_openmp_03_mkII_FIXED_PRECISION_FASTPATH 10000000 512
Raxpy_gmp_kernel_openmp_03_mkII_FIXED_PRECISION_FASTPATH,OpenMP,8,10000000,512,0.050951200,392.532000,4.790961364,yes,/home/docker/gmpfrxx_mkII/build_bench_release/benchmarks/gmp/01_Raxpy/Raxpy_gmp_kernel_openmp_03_mkII_FIXED_PRECISION_FASTPATH 10000000 512
Raxpy_gmp_kernel_openmp_03_mkII_FIXED_PRECISION_FASTPATH,OpenMP,9,10000000,512,0.050904100,392.896000,4.772792006,yes,/home/docker/gmpfrxx_mkII/build_bench_release/benchmarks/gmp/01_Raxpy/Raxpy_gmp_kernel_openmp_03_mkII_FIXED_PRECISION_FASTPATH 10000000 512
Raxpy_gmp_kernel_openmp_03_mkII_FIXED_PRECISION_FASTPATH,OpenMP,10,10000000,512,0.050878000,393.097000,4.803333178,yes,/home/docker/gmpfrxx_mkII/build_bench_release/benchmarks/gmp/01_Raxpy/Raxpy_gmp_kernel_openmp_03_mkII_FIXED_PRECISION_FASTPATH 10000000 512
