execution_mode,variant,target,run,elapsed_seconds,mflops,wall_seconds,ok
Serial,C_native_01,Raxpy_mpfr_C_native_01,1,0.886184000,22.568700,9.969,yes
Serial,C_native_01,Raxpy_mpfr_C_native_01,2,0.882201000,22.670600,9.924,yes
Serial,C_native_01,Raxpy_mpfr_C_native_01,3,0.905331000,22.091400,10.121,yes
Serial,C_native_01,Raxpy_mpfr_C_native_01,4,0.895929000,22.323200,10.050,yes
Serial,C_native_01,Raxpy_mpfr_C_native_01,5,0.884206000,22.619200,9.977,yes
Serial,C_native_01,Raxpy_mpfr_C_native_01,6,0.864331000,23.139300,9.763,yes
Serial,C_native_01,Raxpy_mpfr_C_native_01,7,0.896471000,22.309700,10.073,yes
Serial,C_native_01,Raxpy_mpfr_C_native_01,8,0.883366000,22.640700,10.058,yes
Serial,C_native_01,Raxpy_mpfr_C_native_01,9,0.892619000,22.406000,10.036,yes
Serial,C_native_01,Raxpy_mpfr_C_native_01,10,0.886469000,22.561400,10.072,yes
Serial,C_native_01_FMA,Raxpy_mpfr_C_native_01_FMA,1,0.883164000,22.645800,10.168,yes
Serial,C_native_01_FMA,Raxpy_mpfr_C_native_01_FMA,2,0.871186000,22.957200,9.962,yes
Serial,C_native_01_FMA,Raxpy_mpfr_C_native_01_FMA,3,0.871873000,22.939100,9.954,yes
Serial,C_native_01_FMA,Raxpy_mpfr_C_native_01_FMA,4,0.871754000,22.942200,9.800,yes
Serial,C_native_01_FMA,Raxpy_mpfr_C_native_01_FMA,5,0.883737000,22.631200,10.074,yes
Serial,C_native_01_FMA,Raxpy_mpfr_C_native_01_FMA,6,0.882229000,22.669900,10.112,yes
Serial,C_native_01_FMA,Raxpy_mpfr_C_native_01_FMA,7,0.873174000,22.905000,10.035,yes
Serial,C_native_01_FMA,Raxpy_mpfr_C_native_01_FMA,8,0.878190000,22.774100,10.009,yes
Serial,C_native_01_FMA,Raxpy_mpfr_C_native_01_FMA,9,0.870499000,22.975300,10.023,yes
Serial,C_native_01_FMA,Raxpy_mpfr_C_native_01_FMA,10,0.877672000,22.787500,10.014,yes
Serial,C_native_packed_custom_layout_FMA,Raxpy_mpfr_C_native_packed_custom_layout_FMA,1,0.899947000,22.223500,9.088,yes
Serial,C_native_packed_custom_layout_FMA,Raxpy_mpfr_C_native_packed_custom_layout_FMA,2,0.887308000,22.540100,9.005,yes
Serial,C_native_packed_custom_layout_FMA,Raxpy_mpfr_C_native_packed_custom_layout_FMA,3,0.870526000,22.974600,8.920,yes
Serial,C_native_packed_custom_layout_FMA,Raxpy_mpfr_C_native_packed_custom_layout_FMA,4,0.883070000,22.648300,8.957,yes
Serial,C_native_packed_custom_layout_FMA,Raxpy_mpfr_C_native_packed_custom_layout_FMA,5,0.885010000,22.598600,8.972,yes
Serial,C_native_packed_custom_layout_FMA,Raxpy_mpfr_C_native_packed_custom_layout_FMA,6,0.878963000,22.754100,8.989,yes
Serial,C_native_packed_custom_layout_FMA,Raxpy_mpfr_C_native_packed_custom_layout_FMA,7,0.871141000,22.958400,8.958,yes
Serial,C_native_packed_custom_layout_FMA,Raxpy_mpfr_C_native_packed_custom_layout_FMA,8,0.880786000,22.707000,9.013,yes
Serial,C_native_packed_custom_layout_FMA,Raxpy_mpfr_C_native_packed_custom_layout_FMA,9,0.880816000,22.706200,8.954,yes
Serial,C_native_packed_custom_layout_FMA,Raxpy_mpfr_C_native_packed_custom_layout_FMA,10,0.883657000,22.633200,8.926,yes
OpenMP,C_native_openmp_01,Raxpy_mpfr_C_native_openmp_01,1,0.049920100,400.640000,9.417,yes
OpenMP,C_native_openmp_01,Raxpy_mpfr_C_native_openmp_01,2,0.050731000,394.236000,9.459,yes
OpenMP,C_native_openmp_01,Raxpy_mpfr_C_native_openmp_01,3,0.049854300,401.169000,9.404,yes
OpenMP,C_native_openmp_01,Raxpy_mpfr_C_native_openmp_01,4,0.049461100,404.358000,9.435,yes
OpenMP,C_native_openmp_01,Raxpy_mpfr_C_native_openmp_01,5,0.050204800,398.369000,9.476,yes
OpenMP,C_native_openmp_01,Raxpy_mpfr_C_native_openmp_01,6,0.050260300,397.928000,9.535,yes
OpenMP,C_native_openmp_01,Raxpy_mpfr_C_native_openmp_01,7,0.050453700,396.403000,9.450,yes
OpenMP,C_native_openmp_01,Raxpy_mpfr_C_native_openmp_01,8,0.052348800,382.053000,9.439,yes
OpenMP,C_native_openmp_01,Raxpy_mpfr_C_native_openmp_01,9,0.049664900,402.699000,9.386,yes
OpenMP,C_native_openmp_01,Raxpy_mpfr_C_native_openmp_01,10,0.049831700,401.351000,9.372,yes
OpenMP,C_native_openmp_01_FMA,Raxpy_mpfr_C_native_openmp_01_FMA,1,0.050347600,397.239000,9.259,yes
OpenMP,C_native_openmp_01_FMA,Raxpy_mpfr_C_native_openmp_01_FMA,2,0.049006500,408.109000,9.167,yes
OpenMP,C_native_openmp_01_FMA,Raxpy_mpfr_C_native_openmp_01_FMA,3,0.047320900,422.647000,9.348,yes
OpenMP,C_native_openmp_01_FMA,Raxpy_mpfr_C_native_openmp_01_FMA,4,0.048346400,413.681000,9.269,yes
OpenMP,C_native_openmp_01_FMA,Raxpy_mpfr_C_native_openmp_01_FMA,5,0.048651700,411.085000,9.216,yes
OpenMP,C_native_openmp_01_FMA,Raxpy_mpfr_C_native_openmp_01_FMA,6,0.047856500,417.916000,9.211,yes
OpenMP,C_native_openmp_01_FMA,Raxpy_mpfr_C_native_openmp_01_FMA,7,0.049117300,407.188000,9.213,yes
OpenMP,C_native_openmp_01_FMA,Raxpy_mpfr_C_native_openmp_01_FMA,8,0.048003100,416.640000,9.142,yes
OpenMP,C_native_openmp_01_FMA,Raxpy_mpfr_C_native_openmp_01_FMA,9,0.048869000,409.258000,9.237,yes
OpenMP,C_native_openmp_01_FMA,Raxpy_mpfr_C_native_openmp_01_FMA,10,0.048044200,416.284000,9.228,yes
Serial,kernel_01_mkII,Raxpy_mpfr_kernel_01_mkII,1,1.149250000,17.402700,10.529,yes
Serial,kernel_01_mkII,Raxpy_mpfr_kernel_01_mkII,2,1.158130000,17.269300,10.544,yes
Serial,kernel_01_mkII,Raxpy_mpfr_kernel_01_mkII,3,1.148530000,17.413600,10.509,yes
Serial,kernel_01_mkII,Raxpy_mpfr_kernel_01_mkII,4,1.134430000,17.630000,10.445,yes
Serial,kernel_01_mkII,Raxpy_mpfr_kernel_01_mkII,5,1.147600000,17.427600,10.589,yes
Serial,kernel_01_mkII,Raxpy_mpfr_kernel_01_mkII,6,1.145870000,17.454000,10.514,yes
Serial,kernel_01_mkII,Raxpy_mpfr_kernel_01_mkII,7,1.144100000,17.480900,10.624,yes
Serial,kernel_01_mkII,Raxpy_mpfr_kernel_01_mkII,8,1.149850000,17.393500,10.481,yes
Serial,kernel_01_mkII,Raxpy_mpfr_kernel_01_mkII,9,1.152100000,17.359600,10.615,yes
Serial,kernel_01_mkII,Raxpy_mpfr_kernel_01_mkII,10,1.139200000,17.556100,10.581,yes
Serial,kernel_01_mkII_STABLE_ROUNDING,Raxpy_mpfr_kernel_01_mkII_STABLE_ROUNDING,1,1.085260000,18.428700,9.865,yes
Serial,kernel_01_mkII_STABLE_ROUNDING,Raxpy_mpfr_kernel_01_mkII_STABLE_ROUNDING,2,1.112860000,17.971700,10.085,yes
Serial,kernel_01_mkII_STABLE_ROUNDING,Raxpy_mpfr_kernel_01_mkII_STABLE_ROUNDING,3,1.096470000,18.240300,9.887,yes
Serial,kernel_01_mkII_STABLE_ROUNDING,Raxpy_mpfr_kernel_01_mkII_STABLE_ROUNDING,4,1.100210000,18.178300,10.001,yes
Serial,kernel_01_mkII_STABLE_ROUNDING,Raxpy_mpfr_kernel_01_mkII_STABLE_ROUNDING,5,1.097480000,18.223600,9.893,yes
Serial,kernel_01_mkII_STABLE_ROUNDING,Raxpy_mpfr_kernel_01_mkII_STABLE_ROUNDING,6,1.125270000,17.773500,9.955,yes
Serial,kernel_01_mkII_STABLE_ROUNDING,Raxpy_mpfr_kernel_01_mkII_STABLE_ROUNDING,7,1.122390000,17.819200,9.955,yes
Serial,kernel_01_mkII_STABLE_ROUNDING,Raxpy_mpfr_kernel_01_mkII_STABLE_ROUNDING,8,1.090230000,18.344700,9.938,yes
Serial,kernel_01_mkII_STABLE_ROUNDING,Raxpy_mpfr_kernel_01_mkII_STABLE_ROUNDING,9,1.110890000,18.003600,10.004,yes
Serial,kernel_01_mkII_STABLE_ROUNDING,Raxpy_mpfr_kernel_01_mkII_STABLE_ROUNDING,10,1.088490000,18.374100,9.968,yes
Serial,kernel_01_mkII_STABLE_ROUNDING_FMA,Raxpy_mpfr_kernel_01_mkII_STABLE_ROUNDING_FMA,1,0.914841000,21.861700,9.311,yes
Serial,kernel_01_mkII_STABLE_ROUNDING_FMA,Raxpy_mpfr_kernel_01_mkII_STABLE_ROUNDING_FMA,2,0.946582000,21.128700,9.572,yes
Serial,kernel_01_mkII_STABLE_ROUNDING_FMA,Raxpy_mpfr_kernel_01_mkII_STABLE_ROUNDING_FMA,3,0.942170000,21.227600,9.630,yes
Serial,kernel_01_mkII_STABLE_ROUNDING_FMA,Raxpy_mpfr_kernel_01_mkII_STABLE_ROUNDING_FMA,4,0.937918000,21.323800,9.549,yes
Serial,kernel_01_mkII_STABLE_ROUNDING_FMA,Raxpy_mpfr_kernel_01_mkII_STABLE_ROUNDING_FMA,5,0.937522000,21.332800,9.564,yes
Serial,kernel_01_mkII_STABLE_ROUNDING_FMA,Raxpy_mpfr_kernel_01_mkII_STABLE_ROUNDING_FMA,6,0.936956000,21.345700,9.516,yes
Serial,kernel_01_mkII_STABLE_ROUNDING_FMA,Raxpy_mpfr_kernel_01_mkII_STABLE_ROUNDING_FMA,7,0.950098000,21.050500,9.626,yes
Serial,kernel_01_mkII_STABLE_ROUNDING_FMA,Raxpy_mpfr_kernel_01_mkII_STABLE_ROUNDING_FMA,8,0.934445000,21.403100,9.551,yes
Serial,kernel_01_mkII_STABLE_ROUNDING_FMA,Raxpy_mpfr_kernel_01_mkII_STABLE_ROUNDING_FMA,9,0.939015000,21.298900,9.520,yes
Serial,kernel_01_mkII_STABLE_ROUNDING_FMA,Raxpy_mpfr_kernel_01_mkII_STABLE_ROUNDING_FMA,10,0.950726000,21.036600,9.479,yes
Serial,kernel_01_mkII_STABLE_ROUNDING_FMA_FIXED_PRECISION_FASTPATH,Raxpy_mpfr_kernel_01_mkII_STABLE_ROUNDING_FMA_FIXED_PRECISION_FASTPATH,1,0.879799000,22.732500,9.532,yes
Serial,kernel_01_mkII_STABLE_ROUNDING_FMA_FIXED_PRECISION_FASTPATH,Raxpy_mpfr_kernel_01_mkII_STABLE_ROUNDING_FMA_FIXED_PRECISION_FASTPATH,2,0.859016000,23.282400,9.330,yes
Serial,kernel_01_mkII_STABLE_ROUNDING_FMA_FIXED_PRECISION_FASTPATH,Raxpy_mpfr_kernel_01_mkII_STABLE_ROUNDING_FMA_FIXED_PRECISION_FASTPATH,3,0.889040000,22.496200,9.609,yes
Serial,kernel_01_mkII_STABLE_ROUNDING_FMA_FIXED_PRECISION_FASTPATH,Raxpy_mpfr_kernel_01_mkII_STABLE_ROUNDING_FMA_FIXED_PRECISION_FASTPATH,4,0.888224000,22.516800,9.540,yes
Serial,kernel_01_mkII_STABLE_ROUNDING_FMA_FIXED_PRECISION_FASTPATH,Raxpy_mpfr_kernel_01_mkII_STABLE_ROUNDING_FMA_FIXED_PRECISION_FASTPATH,5,0.871436000,22.950600,9.414,yes
Serial,kernel_01_mkII_STABLE_ROUNDING_FMA_FIXED_PRECISION_FASTPATH,Raxpy_mpfr_kernel_01_mkII_STABLE_ROUNDING_FMA_FIXED_PRECISION_FASTPATH,6,0.855000000,23.391800,9.255,yes
Serial,kernel_01_mkII_STABLE_ROUNDING_FMA_FIXED_PRECISION_FASTPATH,Raxpy_mpfr_kernel_01_mkII_STABLE_ROUNDING_FMA_FIXED_PRECISION_FASTPATH,7,0.891594000,22.431700,9.529,yes
Serial,kernel_01_mkII_STABLE_ROUNDING_FMA_FIXED_PRECISION_FASTPATH,Raxpy_mpfr_kernel_01_mkII_STABLE_ROUNDING_FMA_FIXED_PRECISION_FASTPATH,8,0.895342000,22.337800,9.578,yes
Serial,kernel_01_mkII_STABLE_ROUNDING_FMA_FIXED_PRECISION_FASTPATH,Raxpy_mpfr_kernel_01_mkII_STABLE_ROUNDING_FMA_FIXED_PRECISION_FASTPATH,9,0.880410000,22.716700,9.580,yes
Serial,kernel_01_mkII_STABLE_ROUNDING_FMA_FIXED_PRECISION_FASTPATH,Raxpy_mpfr_kernel_01_mkII_STABLE_ROUNDING_FMA_FIXED_PRECISION_FASTPATH,10,0.889286000,22.490000,9.510,yes
Serial,kernel_02_mkII,Raxpy_mpfr_kernel_02_mkII,1,1.101780000,18.152400,10.513,yes
Serial,kernel_02_mkII,Raxpy_mpfr_kernel_02_mkII,2,1.104050000,18.115100,10.580,yes
Serial,kernel_02_mkII,Raxpy_mpfr_kernel_02_mkII,3,1.103620000,18.122200,10.550,yes
Serial,kernel_02_mkII,Raxpy_mpfr_kernel_02_mkII,4,1.084850000,18.435700,10.444,yes
Serial,kernel_02_mkII,Raxpy_mpfr_kernel_02_mkII,5,1.088500000,18.373900,10.467,yes
Serial,kernel_02_mkII,Raxpy_mpfr_kernel_02_mkII,6,1.094510000,18.273000,10.636,yes
Serial,kernel_02_mkII,Raxpy_mpfr_kernel_02_mkII,7,1.099690000,18.186900,10.550,yes
Serial,kernel_02_mkII,Raxpy_mpfr_kernel_02_mkII,8,1.075560000,18.594900,10.359,yes
Serial,kernel_02_mkII,Raxpy_mpfr_kernel_02_mkII,9,1.095230000,18.261000,10.541,yes
Serial,kernel_02_mkII,Raxpy_mpfr_kernel_02_mkII,10,1.108480000,18.042800,10.564,yes
Serial,kernel_02_mkII_STABLE_ROUNDING,Raxpy_mpfr_kernel_02_mkII_STABLE_ROUNDING,1,1.003050000,19.939100,9.892,yes
Serial,kernel_02_mkII_STABLE_ROUNDING,Raxpy_mpfr_kernel_02_mkII_STABLE_ROUNDING,2,0.997955000,20.041000,9.853,yes
Serial,kernel_02_mkII_STABLE_ROUNDING,Raxpy_mpfr_kernel_02_mkII_STABLE_ROUNDING,3,1.010420000,19.793800,9.971,yes
Serial,kernel_02_mkII_STABLE_ROUNDING,Raxpy_mpfr_kernel_02_mkII_STABLE_ROUNDING,4,1.015680000,19.691200,10.046,yes
Serial,kernel_02_mkII_STABLE_ROUNDING,Raxpy_mpfr_kernel_02_mkII_STABLE_ROUNDING,5,1.002470000,19.950700,9.886,yes
Serial,kernel_02_mkII_STABLE_ROUNDING,Raxpy_mpfr_kernel_02_mkII_STABLE_ROUNDING,6,1.009310000,19.815400,9.982,yes
Serial,kernel_02_mkII_STABLE_ROUNDING,Raxpy_mpfr_kernel_02_mkII_STABLE_ROUNDING,7,1.007370000,19.853700,9.926,yes
Serial,kernel_02_mkII_STABLE_ROUNDING,Raxpy_mpfr_kernel_02_mkII_STABLE_ROUNDING,8,1.020190000,19.604200,9.991,yes
Serial,kernel_02_mkII_STABLE_ROUNDING,Raxpy_mpfr_kernel_02_mkII_STABLE_ROUNDING,9,1.009440000,19.813000,9.997,yes
Serial,kernel_02_mkII_STABLE_ROUNDING,Raxpy_mpfr_kernel_02_mkII_STABLE_ROUNDING,10,1.012170000,19.759400,9.882,yes
Serial,kernel_02_mkII_STABLE_ROUNDING_FMA,Raxpy_mpfr_kernel_02_mkII_STABLE_ROUNDING_FMA,1,1.027380000,19.467000,9.737,yes
Serial,kernel_02_mkII_STABLE_ROUNDING_FMA,Raxpy_mpfr_kernel_02_mkII_STABLE_ROUNDING_FMA,2,1.020070000,19.606500,9.750,yes
Serial,kernel_02_mkII_STABLE_ROUNDING_FMA,Raxpy_mpfr_kernel_02_mkII_STABLE_ROUNDING_FMA,3,1.009820000,19.805400,9.660,yes
Serial,kernel_02_mkII_STABLE_ROUNDING_FMA,Raxpy_mpfr_kernel_02_mkII_STABLE_ROUNDING_FMA,4,1.018530000,19.636100,9.782,yes
Serial,kernel_02_mkII_STABLE_ROUNDING_FMA,Raxpy_mpfr_kernel_02_mkII_STABLE_ROUNDING_FMA,5,1.021610000,19.576900,9.660,yes
Serial,kernel_02_mkII_STABLE_ROUNDING_FMA,Raxpy_mpfr_kernel_02_mkII_STABLE_ROUNDING_FMA,6,1.018620000,19.634400,9.777,yes
Serial,kernel_02_mkII_STABLE_ROUNDING_FMA,Raxpy_mpfr_kernel_02_mkII_STABLE_ROUNDING_FMA,7,1.012800000,19.747300,9.684,yes
Serial,kernel_02_mkII_STABLE_ROUNDING_FMA,Raxpy_mpfr_kernel_02_mkII_STABLE_ROUNDING_FMA,8,1.023450000,19.541700,9.777,yes
Serial,kernel_02_mkII_STABLE_ROUNDING_FMA,Raxpy_mpfr_kernel_02_mkII_STABLE_ROUNDING_FMA,9,1.020440000,19.599400,9.750,yes
Serial,kernel_02_mkII_STABLE_ROUNDING_FMA,Raxpy_mpfr_kernel_02_mkII_STABLE_ROUNDING_FMA,10,1.028100000,19.453400,9.788,yes
Serial,kernel_02_mkII_STABLE_ROUNDING_FMA_FIXED_PRECISION_FASTPATH,Raxpy_mpfr_kernel_02_mkII_STABLE_ROUNDING_FMA_FIXED_PRECISION_FASTPATH,1,1.001980000,19.960400,9.690,yes
Serial,kernel_02_mkII_STABLE_ROUNDING_FMA_FIXED_PRECISION_FASTPATH,Raxpy_mpfr_kernel_02_mkII_STABLE_ROUNDING_FMA_FIXED_PRECISION_FASTPATH,2,1.009770000,19.806500,9.746,yes
Serial,kernel_02_mkII_STABLE_ROUNDING_FMA_FIXED_PRECISION_FASTPATH,Raxpy_mpfr_kernel_02_mkII_STABLE_ROUNDING_FMA_FIXED_PRECISION_FASTPATH,3,1.005390000,19.892800,9.676,yes
Serial,kernel_02_mkII_STABLE_ROUNDING_FMA_FIXED_PRECISION_FASTPATH,Raxpy_mpfr_kernel_02_mkII_STABLE_ROUNDING_FMA_FIXED_PRECISION_FASTPATH,4,1.001410000,19.971800,9.655,yes
Serial,kernel_02_mkII_STABLE_ROUNDING_FMA_FIXED_PRECISION_FASTPATH,Raxpy_mpfr_kernel_02_mkII_STABLE_ROUNDING_FMA_FIXED_PRECISION_FASTPATH,5,0.978064000,20.448600,9.496,yes
Serial,kernel_02_mkII_STABLE_ROUNDING_FMA_FIXED_PRECISION_FASTPATH,Raxpy_mpfr_kernel_02_mkII_STABLE_ROUNDING_FMA_FIXED_PRECISION_FASTPATH,6,1.008900000,19.823500,9.785,yes
Serial,kernel_02_mkII_STABLE_ROUNDING_FMA_FIXED_PRECISION_FASTPATH,Raxpy_mpfr_kernel_02_mkII_STABLE_ROUNDING_FMA_FIXED_PRECISION_FASTPATH,7,1.024350000,19.524500,9.811,yes
Serial,kernel_02_mkII_STABLE_ROUNDING_FMA_FIXED_PRECISION_FASTPATH,Raxpy_mpfr_kernel_02_mkII_STABLE_ROUNDING_FMA_FIXED_PRECISION_FASTPATH,8,1.001350000,19.973000,9.750,yes
Serial,kernel_02_mkII_STABLE_ROUNDING_FMA_FIXED_PRECISION_FASTPATH,Raxpy_mpfr_kernel_02_mkII_STABLE_ROUNDING_FMA_FIXED_PRECISION_FASTPATH,9,0.982095000,20.364600,9.471,yes
Serial,kernel_02_mkII_STABLE_ROUNDING_FMA_FIXED_PRECISION_FASTPATH,Raxpy_mpfr_kernel_02_mkII_STABLE_ROUNDING_FMA_FIXED_PRECISION_FASTPATH,10,1.005710000,19.886400,9.779,yes
Serial,kernel_03_mkII,Raxpy_mpfr_kernel_03_mkII,1,0.966913000,20.684400,10.417,yes
Serial,kernel_03_mkII,Raxpy_mpfr_kernel_03_mkII,2,0.959573000,20.842600,10.444,yes
Serial,kernel_03_mkII,Raxpy_mpfr_kernel_03_mkII,3,0.967474000,20.672400,10.369,yes
Serial,kernel_03_mkII,Raxpy_mpfr_kernel_03_mkII,4,0.969462000,20.630000,10.437,yes
Serial,kernel_03_mkII,Raxpy_mpfr_kernel_03_mkII,5,0.945929000,21.143200,10.216,yes
Serial,kernel_03_mkII,Raxpy_mpfr_kernel_03_mkII,6,0.965711000,20.710100,10.384,yes
Serial,kernel_03_mkII,Raxpy_mpfr_kernel_03_mkII,7,0.961225000,20.806800,10.393,yes
Serial,kernel_03_mkII,Raxpy_mpfr_kernel_03_mkII,8,0.970056000,20.617400,10.493,yes
Serial,kernel_03_mkII,Raxpy_mpfr_kernel_03_mkII,9,0.963182000,20.764500,10.343,yes
Serial,kernel_03_mkII,Raxpy_mpfr_kernel_03_mkII,10,0.968077000,20.659500,10.393,yes
Serial,kernel_03_mkII_STABLE_ROUNDING,Raxpy_mpfr_kernel_03_mkII_STABLE_ROUNDING,1,0.882204000,22.670500,9.760,yes
Serial,kernel_03_mkII_STABLE_ROUNDING,Raxpy_mpfr_kernel_03_mkII_STABLE_ROUNDING,2,0.854781000,23.397800,9.538,yes
Serial,kernel_03_mkII_STABLE_ROUNDING,Raxpy_mpfr_kernel_03_mkII_STABLE_ROUNDING,3,0.857284000,23.329500,9.431,yes
Serial,kernel_03_mkII_STABLE_ROUNDING,Raxpy_mpfr_kernel_03_mkII_STABLE_ROUNDING,4,0.880378000,22.717500,9.701,yes
Serial,kernel_03_mkII_STABLE_ROUNDING,Raxpy_mpfr_kernel_03_mkII_STABLE_ROUNDING,5,0.880147000,22.723500,9.821,yes
Serial,kernel_03_mkII_STABLE_ROUNDING,Raxpy_mpfr_kernel_03_mkII_STABLE_ROUNDING,6,0.884045000,22.623300,9.815,yes
Serial,kernel_03_mkII_STABLE_ROUNDING,Raxpy_mpfr_kernel_03_mkII_STABLE_ROUNDING,7,0.894738000,22.352900,9.779,yes
Serial,kernel_03_mkII_STABLE_ROUNDING,Raxpy_mpfr_kernel_03_mkII_STABLE_ROUNDING,8,0.881542000,22.687500,9.754,yes
Serial,kernel_03_mkII_STABLE_ROUNDING,Raxpy_mpfr_kernel_03_mkII_STABLE_ROUNDING,9,0.891919000,22.423600,9.914,yes
Serial,kernel_03_mkII_STABLE_ROUNDING,Raxpy_mpfr_kernel_03_mkII_STABLE_ROUNDING,10,0.879601000,22.737600,9.757,yes
Serial,kernel_03_mkII_STABLE_ROUNDING_FMA,Raxpy_mpfr_kernel_03_mkII_STABLE_ROUNDING_FMA,1,0.863896000,23.150900,9.446,yes
Serial,kernel_03_mkII_STABLE_ROUNDING_FMA,Raxpy_mpfr_kernel_03_mkII_STABLE_ROUNDING_FMA,2,0.889625000,22.481400,9.671,yes
Serial,kernel_03_mkII_STABLE_ROUNDING_FMA,Raxpy_mpfr_kernel_03_mkII_STABLE_ROUNDING_FMA,3,0.892199000,22.416500,9.660,yes
Serial,kernel_03_mkII_STABLE_ROUNDING_FMA,Raxpy_mpfr_kernel_03_mkII_STABLE_ROUNDING_FMA,4,0.885047000,22.597700,9.631,yes
Serial,kernel_03_mkII_STABLE_ROUNDING_FMA,Raxpy_mpfr_kernel_03_mkII_STABLE_ROUNDING_FMA,5,0.890513000,22.459000,9.583,yes
Serial,kernel_03_mkII_STABLE_ROUNDING_FMA,Raxpy_mpfr_kernel_03_mkII_STABLE_ROUNDING_FMA,6,0.882023000,22.675100,9.573,yes
Serial,kernel_03_mkII_STABLE_ROUNDING_FMA,Raxpy_mpfr_kernel_03_mkII_STABLE_ROUNDING_FMA,7,0.887461000,22.536200,9.575,yes
Serial,kernel_03_mkII_STABLE_ROUNDING_FMA,Raxpy_mpfr_kernel_03_mkII_STABLE_ROUNDING_FMA,8,0.894543000,22.357800,9.670,yes
Serial,kernel_03_mkII_STABLE_ROUNDING_FMA,Raxpy_mpfr_kernel_03_mkII_STABLE_ROUNDING_FMA,9,0.901032000,22.196800,9.667,yes
Serial,kernel_03_mkII_STABLE_ROUNDING_FMA,Raxpy_mpfr_kernel_03_mkII_STABLE_ROUNDING_FMA,10,0.881994000,22.675900,9.617,yes
Serial,kernel_03_mkII_STABLE_ROUNDING_FMA_FIXED_PRECISION_FASTPATH,Raxpy_mpfr_kernel_03_mkII_STABLE_ROUNDING_FMA_FIXED_PRECISION_FASTPATH,1,0.893041000,22.395400,9.578,yes
Serial,kernel_03_mkII_STABLE_ROUNDING_FMA_FIXED_PRECISION_FASTPATH,Raxpy_mpfr_kernel_03_mkII_STABLE_ROUNDING_FMA_FIXED_PRECISION_FASTPATH,2,0.875739000,22.837900,9.610,yes
Serial,kernel_03_mkII_STABLE_ROUNDING_FMA_FIXED_PRECISION_FASTPATH,Raxpy_mpfr_kernel_03_mkII_STABLE_ROUNDING_FMA_FIXED_PRECISION_FASTPATH,3,0.896461000,22.310000,9.647,yes
Serial,kernel_03_mkII_STABLE_ROUNDING_FMA_FIXED_PRECISION_FASTPATH,Raxpy_mpfr_kernel_03_mkII_STABLE_ROUNDING_FMA_FIXED_PRECISION_FASTPATH,4,0.864986000,23.121800,9.372,yes
Serial,kernel_03_mkII_STABLE_ROUNDING_FMA_FIXED_PRECISION_FASTPATH,Raxpy_mpfr_kernel_03_mkII_STABLE_ROUNDING_FMA_FIXED_PRECISION_FASTPATH,5,0.875243000,22.850800,9.505,yes
Serial,kernel_03_mkII_STABLE_ROUNDING_FMA_FIXED_PRECISION_FASTPATH,Raxpy_mpfr_kernel_03_mkII_STABLE_ROUNDING_FMA_FIXED_PRECISION_FASTPATH,6,0.876628000,22.814700,9.581,yes
Serial,kernel_03_mkII_STABLE_ROUNDING_FMA_FIXED_PRECISION_FASTPATH,Raxpy_mpfr_kernel_03_mkII_STABLE_ROUNDING_FMA_FIXED_PRECISION_FASTPATH,7,0.889400000,22.487100,9.639,yes
Serial,kernel_03_mkII_STABLE_ROUNDING_FMA_FIXED_PRECISION_FASTPATH,Raxpy_mpfr_kernel_03_mkII_STABLE_ROUNDING_FMA_FIXED_PRECISION_FASTPATH,8,0.878474000,22.766800,9.569,yes
Serial,kernel_03_mkII_STABLE_ROUNDING_FMA_FIXED_PRECISION_FASTPATH,Raxpy_mpfr_kernel_03_mkII_STABLE_ROUNDING_FMA_FIXED_PRECISION_FASTPATH,9,0.882893000,22.652800,9.595,yes
Serial,kernel_03_mkII_STABLE_ROUNDING_FMA_FIXED_PRECISION_FASTPATH,Raxpy_mpfr_kernel_03_mkII_STABLE_ROUNDING_FMA_FIXED_PRECISION_FASTPATH,10,0.884851000,22.602700,9.656,yes
Serial,kernel_04_mkII,Raxpy_mpfr_kernel_04_mkII,1,1.205450000,16.591300,10.393,yes
Serial,kernel_04_mkII,Raxpy_mpfr_kernel_04_mkII,2,1.261060000,15.859700,10.765,yes
Serial,kernel_04_mkII,Raxpy_mpfr_kernel_04_mkII,3,1.225450000,16.320600,10.724,yes
Serial,kernel_04_mkII,Raxpy_mpfr_kernel_04_mkII,4,1.235590000,16.186600,10.776,yes
Serial,kernel_04_mkII,Raxpy_mpfr_kernel_04_mkII,5,1.261820000,15.850100,10.734,yes
Serial,kernel_04_mkII,Raxpy_mpfr_kernel_04_mkII,6,1.251010000,15.987100,10.726,yes
Serial,kernel_04_mkII,Raxpy_mpfr_kernel_04_mkII,7,1.236730000,16.171600,10.600,yes
Serial,kernel_04_mkII,Raxpy_mpfr_kernel_04_mkII,8,1.232230000,16.230700,10.699,yes
Serial,kernel_04_mkII,Raxpy_mpfr_kernel_04_mkII,9,1.250700000,15.991000,10.710,yes
Serial,kernel_04_mkII,Raxpy_mpfr_kernel_04_mkII,10,1.243310000,16.086100,10.615,yes
Serial,kernel_04_mkII_STABLE_ROUNDING,Raxpy_mpfr_kernel_04_mkII_STABLE_ROUNDING,1,1.078950000,18.536500,9.788,yes
Serial,kernel_04_mkII_STABLE_ROUNDING,Raxpy_mpfr_kernel_04_mkII_STABLE_ROUNDING,2,1.113020000,17.969200,9.984,yes
Serial,kernel_04_mkII_STABLE_ROUNDING,Raxpy_mpfr_kernel_04_mkII_STABLE_ROUNDING,3,1.117060000,17.904200,10.021,yes
Serial,kernel_04_mkII_STABLE_ROUNDING,Raxpy_mpfr_kernel_04_mkII_STABLE_ROUNDING,4,1.116490000,17.913300,9.978,yes
Serial,kernel_04_mkII_STABLE_ROUNDING,Raxpy_mpfr_kernel_04_mkII_STABLE_ROUNDING,5,1.114180000,17.950400,10.061,yes
Serial,kernel_04_mkII_STABLE_ROUNDING,Raxpy_mpfr_kernel_04_mkII_STABLE_ROUNDING,6,1.102180000,18.145800,9.899,yes
Serial,kernel_04_mkII_STABLE_ROUNDING,Raxpy_mpfr_kernel_04_mkII_STABLE_ROUNDING,7,1.112990000,17.969600,10.023,yes
Serial,kernel_04_mkII_STABLE_ROUNDING,Raxpy_mpfr_kernel_04_mkII_STABLE_ROUNDING,8,1.131430000,17.676800,10.041,yes
Serial,kernel_04_mkII_STABLE_ROUNDING,Raxpy_mpfr_kernel_04_mkII_STABLE_ROUNDING,9,1.117170000,17.902300,10.015,yes
Serial,kernel_04_mkII_STABLE_ROUNDING,Raxpy_mpfr_kernel_04_mkII_STABLE_ROUNDING,10,1.114700000,17.942000,9.987,yes
Serial,kernel_04_mkII_STABLE_ROUNDING_FMA,Raxpy_mpfr_kernel_04_mkII_STABLE_ROUNDING_FMA,1,1.199420000,16.674800,9.954,yes
Serial,kernel_04_mkII_STABLE_ROUNDING_FMA,Raxpy_mpfr_kernel_04_mkII_STABLE_ROUNDING_FMA,2,1.185740000,16.867100,9.948,yes
Serial,kernel_04_mkII_STABLE_ROUNDING_FMA,Raxpy_mpfr_kernel_04_mkII_STABLE_ROUNDING_FMA,3,1.192830000,16.766800,9.879,yes
Serial,kernel_04_mkII_STABLE_ROUNDING_FMA,Raxpy_mpfr_kernel_04_mkII_STABLE_ROUNDING_FMA,4,1.162250000,17.208100,9.706,yes
Serial,kernel_04_mkII_STABLE_ROUNDING_FMA,Raxpy_mpfr_kernel_04_mkII_STABLE_ROUNDING_FMA,5,1.192610000,16.769900,9.875,yes
Serial,kernel_04_mkII_STABLE_ROUNDING_FMA,Raxpy_mpfr_kernel_04_mkII_STABLE_ROUNDING_FMA,6,1.177390000,16.986700,9.738,yes
Serial,kernel_04_mkII_STABLE_ROUNDING_FMA,Raxpy_mpfr_kernel_04_mkII_STABLE_ROUNDING_FMA,7,1.201190000,16.650200,9.953,yes
Serial,kernel_04_mkII_STABLE_ROUNDING_FMA,Raxpy_mpfr_kernel_04_mkII_STABLE_ROUNDING_FMA,8,1.203360000,16.620100,10.116,yes
Serial,kernel_04_mkII_STABLE_ROUNDING_FMA,Raxpy_mpfr_kernel_04_mkII_STABLE_ROUNDING_FMA,9,1.199220000,16.677400,9.974,yes
Serial,kernel_04_mkII_STABLE_ROUNDING_FMA,Raxpy_mpfr_kernel_04_mkII_STABLE_ROUNDING_FMA,10,1.167400000,17.132100,9.807,yes
Serial,kernel_04_mkII_STABLE_ROUNDING_FMA_FIXED_PRECISION_FASTPATH,Raxpy_mpfr_kernel_04_mkII_STABLE_ROUNDING_FMA_FIXED_PRECISION_FASTPATH,1,1.109870000,18.020200,9.875,yes
Serial,kernel_04_mkII_STABLE_ROUNDING_FMA_FIXED_PRECISION_FASTPATH,Raxpy_mpfr_kernel_04_mkII_STABLE_ROUNDING_FMA_FIXED_PRECISION_FASTPATH,2,1.105440000,18.092300,9.823,yes
Serial,kernel_04_mkII_STABLE_ROUNDING_FMA_FIXED_PRECISION_FASTPATH,Raxpy_mpfr_kernel_04_mkII_STABLE_ROUNDING_FMA_FIXED_PRECISION_FASTPATH,3,1.097790000,18.218400,9.794,yes
Serial,kernel_04_mkII_STABLE_ROUNDING_FMA_FIXED_PRECISION_FASTPATH,Raxpy_mpfr_kernel_04_mkII_STABLE_ROUNDING_FMA_FIXED_PRECISION_FASTPATH,4,1.098380000,18.208600,9.795,yes
Serial,kernel_04_mkII_STABLE_ROUNDING_FMA_FIXED_PRECISION_FASTPATH,Raxpy_mpfr_kernel_04_mkII_STABLE_ROUNDING_FMA_FIXED_PRECISION_FASTPATH,5,1.099750000,18.185900,9.816,yes
Serial,kernel_04_mkII_STABLE_ROUNDING_FMA_FIXED_PRECISION_FASTPATH,Raxpy_mpfr_kernel_04_mkII_STABLE_ROUNDING_FMA_FIXED_PRECISION_FASTPATH,6,1.114050000,17.952500,9.839,yes
Serial,kernel_04_mkII_STABLE_ROUNDING_FMA_FIXED_PRECISION_FASTPATH,Raxpy_mpfr_kernel_04_mkII_STABLE_ROUNDING_FMA_FIXED_PRECISION_FASTPATH,7,1.105690000,18.088200,9.786,yes
Serial,kernel_04_mkII_STABLE_ROUNDING_FMA_FIXED_PRECISION_FASTPATH,Raxpy_mpfr_kernel_04_mkII_STABLE_ROUNDING_FMA_FIXED_PRECISION_FASTPATH,8,1.092400000,18.308300,9.770,yes
Serial,kernel_04_mkII_STABLE_ROUNDING_FMA_FIXED_PRECISION_FASTPATH,Raxpy_mpfr_kernel_04_mkII_STABLE_ROUNDING_FMA_FIXED_PRECISION_FASTPATH,9,1.100520000,18.173200,9.839,yes
Serial,kernel_04_mkII_STABLE_ROUNDING_FMA_FIXED_PRECISION_FASTPATH,Raxpy_mpfr_kernel_04_mkII_STABLE_ROUNDING_FMA_FIXED_PRECISION_FASTPATH,10,1.079240000,18.531600,9.509,yes
Serial,kernel_05_mkII,Raxpy_mpfr_kernel_05_mkII,1,1.108160000,18.047900,10.538,yes
Serial,kernel_05_mkII,Raxpy_mpfr_kernel_05_mkII,2,1.087310000,18.394000,10.541,yes
Serial,kernel_05_mkII,Raxpy_mpfr_kernel_05_mkII,3,1.095520000,18.256100,10.449,yes
Serial,kernel_05_mkII,Raxpy_mpfr_kernel_05_mkII,4,1.091830000,18.317900,10.447,yes
Serial,kernel_05_mkII,Raxpy_mpfr_kernel_05_mkII,5,1.085670000,18.421900,10.493,yes
Serial,kernel_05_mkII,Raxpy_mpfr_kernel_05_mkII,6,1.109100000,18.032700,10.540,yes
Serial,kernel_05_mkII,Raxpy_mpfr_kernel_05_mkII,7,1.100100000,18.180200,10.575,yes
Serial,kernel_05_mkII,Raxpy_mpfr_kernel_05_mkII,8,1.100080000,18.180600,10.505,yes
Serial,kernel_05_mkII,Raxpy_mpfr_kernel_05_mkII,9,1.093140000,18.295900,10.434,yes
Serial,kernel_05_mkII,Raxpy_mpfr_kernel_05_mkII,10,1.102650000,18.138200,10.638,yes
Serial,kernel_05_mkII_FMA,Raxpy_mpfr_kernel_05_mkII_FMA,1,0.879881000,22.730300,10.139,yes
Serial,kernel_05_mkII_FMA,Raxpy_mpfr_kernel_05_mkII_FMA,2,0.876317000,22.822800,10.020,yes
Serial,kernel_05_mkII_FMA,Raxpy_mpfr_kernel_05_mkII_FMA,3,0.885332000,22.590400,10.041,yes
Serial,kernel_05_mkII_FMA,Raxpy_mpfr_kernel_05_mkII_FMA,4,0.870805000,22.967300,10.073,yes
Serial,kernel_05_mkII_FMA,Raxpy_mpfr_kernel_05_mkII_FMA,5,0.889992000,22.472100,10.162,yes
Serial,kernel_05_mkII_FMA,Raxpy_mpfr_kernel_05_mkII_FMA,6,0.878654000,22.762100,10.071,yes
Serial,kernel_05_mkII_FMA,Raxpy_mpfr_kernel_05_mkII_FMA,7,0.873719000,22.890700,9.932,yes
Serial,kernel_05_mkII_FMA,Raxpy_mpfr_kernel_05_mkII_FMA,8,0.886129000,22.570100,10.085,yes
Serial,kernel_05_mkII_FMA,Raxpy_mpfr_kernel_05_mkII_FMA,9,0.886924000,22.549800,9.987,yes
Serial,kernel_05_mkII_FMA,Raxpy_mpfr_kernel_05_mkII_FMA,10,0.872964000,22.910400,10.065,yes
Serial,kernel_06_mkII,Raxpy_mpfr_kernel_06_mkII,1,0.877590000,22.789700,10.415,yes
Serial,kernel_06_mkII,Raxpy_mpfr_kernel_06_mkII,2,0.889159000,22.493200,10.454,yes
Serial,kernel_06_mkII,Raxpy_mpfr_kernel_06_mkII,3,0.882581000,22.660800,10.447,yes
Serial,kernel_06_mkII,Raxpy_mpfr_kernel_06_mkII,4,0.879422000,22.742200,10.413,yes
Serial,kernel_06_mkII,Raxpy_mpfr_kernel_06_mkII,5,0.882230000,22.669800,10.444,yes
Serial,kernel_06_mkII,Raxpy_mpfr_kernel_06_mkII,6,0.876165000,22.826800,10.366,yes
Serial,kernel_06_mkII,Raxpy_mpfr_kernel_06_mkII,7,0.863950000,23.149500,10.243,yes
Serial,kernel_06_mkII,Raxpy_mpfr_kernel_06_mkII,8,0.871769000,22.941900,10.387,yes
Serial,kernel_06_mkII,Raxpy_mpfr_kernel_06_mkII,9,0.884231000,22.618500,10.375,yes
Serial,kernel_06_mkII,Raxpy_mpfr_kernel_06_mkII,10,0.882123000,22.672600,10.393,yes
OpenMP,kernel_openmp_01_mkII,Raxpy_mpfr_kernel_openmp_01_mkII,1,0.050916300,392.801000,9.474,yes
OpenMP,kernel_openmp_01_mkII,Raxpy_mpfr_kernel_openmp_01_mkII,2,0.051319500,389.715000,9.485,yes
OpenMP,kernel_openmp_01_mkII,Raxpy_mpfr_kernel_openmp_01_mkII,3,0.053623500,372.971000,9.523,yes
OpenMP,kernel_openmp_01_mkII,Raxpy_mpfr_kernel_openmp_01_mkII,4,0.050663900,394.758000,9.530,yes
OpenMP,kernel_openmp_01_mkII,Raxpy_mpfr_kernel_openmp_01_mkII,5,0.052179800,383.290000,9.487,yes
OpenMP,kernel_openmp_01_mkII,Raxpy_mpfr_kernel_openmp_01_mkII,6,0.050307800,397.552000,9.461,yes
OpenMP,kernel_openmp_01_mkII,Raxpy_mpfr_kernel_openmp_01_mkII,7,0.051684600,386.963000,9.633,yes
OpenMP,kernel_openmp_01_mkII,Raxpy_mpfr_kernel_openmp_01_mkII,8,0.050482300,396.179000,9.445,yes
OpenMP,kernel_openmp_01_mkII,Raxpy_mpfr_kernel_openmp_01_mkII,9,0.053010200,377.286000,9.522,yes
OpenMP,kernel_openmp_01_mkII,Raxpy_mpfr_kernel_openmp_01_mkII,10,0.051468200,388.590000,9.474,yes
OpenMP,kernel_openmp_01_mkII_STABLE_ROUNDING,Raxpy_mpfr_kernel_openmp_01_mkII_STABLE_ROUNDING,1,0.051627900,387.387000,8.973,yes
OpenMP,kernel_openmp_01_mkII_STABLE_ROUNDING,Raxpy_mpfr_kernel_openmp_01_mkII_STABLE_ROUNDING,2,0.052779200,378.937000,8.989,yes
OpenMP,kernel_openmp_01_mkII_STABLE_ROUNDING,Raxpy_mpfr_kernel_openmp_01_mkII_STABLE_ROUNDING,3,0.052135800,383.613000,8.937,yes
OpenMP,kernel_openmp_01_mkII_STABLE_ROUNDING,Raxpy_mpfr_kernel_openmp_01_mkII_STABLE_ROUNDING,4,0.052914200,377.971000,9.126,yes
OpenMP,kernel_openmp_01_mkII_STABLE_ROUNDING,Raxpy_mpfr_kernel_openmp_01_mkII_STABLE_ROUNDING,5,0.051776700,386.274000,8.996,yes
OpenMP,kernel_openmp_01_mkII_STABLE_ROUNDING,Raxpy_mpfr_kernel_openmp_01_mkII_STABLE_ROUNDING,6,0.051429700,388.881000,9.036,yes
OpenMP,kernel_openmp_01_mkII_STABLE_ROUNDING,Raxpy_mpfr_kernel_openmp_01_mkII_STABLE_ROUNDING,7,0.051882100,385.489000,9.002,yes
OpenMP,kernel_openmp_01_mkII_STABLE_ROUNDING,Raxpy_mpfr_kernel_openmp_01_mkII_STABLE_ROUNDING,8,0.053103800,376.621000,9.007,yes
OpenMP,kernel_openmp_01_mkII_STABLE_ROUNDING,Raxpy_mpfr_kernel_openmp_01_mkII_STABLE_ROUNDING,9,0.051692700,386.902000,9.052,yes
OpenMP,kernel_openmp_01_mkII_STABLE_ROUNDING,Raxpy_mpfr_kernel_openmp_01_mkII_STABLE_ROUNDING,10,0.053450600,374.177000,9.043,yes
OpenMP,kernel_openmp_01_mkII_STABLE_ROUNDING_FMA,Raxpy_mpfr_kernel_openmp_01_mkII_STABLE_ROUNDING_FMA,1,0.047324600,422.613000,8.770,yes
OpenMP,kernel_openmp_01_mkII_STABLE_ROUNDING_FMA,Raxpy_mpfr_kernel_openmp_01_mkII_STABLE_ROUNDING_FMA,2,0.047721800,419.095000,8.757,yes
OpenMP,kernel_openmp_01_mkII_STABLE_ROUNDING_FMA,Raxpy_mpfr_kernel_openmp_01_mkII_STABLE_ROUNDING_FMA,3,0.048622700,411.330000,8.861,yes
OpenMP,kernel_openmp_01_mkII_STABLE_ROUNDING_FMA,Raxpy_mpfr_kernel_openmp_01_mkII_STABLE_ROUNDING_FMA,4,0.049406300,404.807000,8.729,yes
OpenMP,kernel_openmp_01_mkII_STABLE_ROUNDING_FMA,Raxpy_mpfr_kernel_openmp_01_mkII_STABLE_ROUNDING_FMA,5,0.048282600,414.228000,8.790,yes
OpenMP,kernel_openmp_01_mkII_STABLE_ROUNDING_FMA,Raxpy_mpfr_kernel_openmp_01_mkII_STABLE_ROUNDING_FMA,6,0.048348600,413.663000,8.741,yes
OpenMP,kernel_openmp_01_mkII_STABLE_ROUNDING_FMA,Raxpy_mpfr_kernel_openmp_01_mkII_STABLE_ROUNDING_FMA,7,0.047762200,418.741000,8.799,yes
OpenMP,kernel_openmp_01_mkII_STABLE_ROUNDING_FMA,Raxpy_mpfr_kernel_openmp_01_mkII_STABLE_ROUNDING_FMA,8,0.047987500,416.775000,8.702,yes
OpenMP,kernel_openmp_01_mkII_STABLE_ROUNDING_FMA,Raxpy_mpfr_kernel_openmp_01_mkII_STABLE_ROUNDING_FMA,9,0.047740300,418.933000,9.158,yes
OpenMP,kernel_openmp_01_mkII_STABLE_ROUNDING_FMA,Raxpy_mpfr_kernel_openmp_01_mkII_STABLE_ROUNDING_FMA,10,0.049281800,405.829000,8.706,yes
OpenMP,kernel_openmp_01_mkII_STABLE_ROUNDING_FMA_FIXED_PRECISION_FASTPATH,Raxpy_mpfr_kernel_openmp_01_mkII_STABLE_ROUNDING_FMA_FIXED_PRECISION_FASTPATH,1,0.047715300,419.153000,8.724,yes
OpenMP,kernel_openmp_01_mkII_STABLE_ROUNDING_FMA_FIXED_PRECISION_FASTPATH,Raxpy_mpfr_kernel_openmp_01_mkII_STABLE_ROUNDING_FMA_FIXED_PRECISION_FASTPATH,2,0.048122900,415.603000,8.681,yes
OpenMP,kernel_openmp_01_mkII_STABLE_ROUNDING_FMA_FIXED_PRECISION_FASTPATH,Raxpy_mpfr_kernel_openmp_01_mkII_STABLE_ROUNDING_FMA_FIXED_PRECISION_FASTPATH,3,0.050449100,396.439000,8.676,yes
OpenMP,kernel_openmp_01_mkII_STABLE_ROUNDING_FMA_FIXED_PRECISION_FASTPATH,Raxpy_mpfr_kernel_openmp_01_mkII_STABLE_ROUNDING_FMA_FIXED_PRECISION_FASTPATH,4,0.049591700,403.293000,8.716,yes
OpenMP,kernel_openmp_01_mkII_STABLE_ROUNDING_FMA_FIXED_PRECISION_FASTPATH,Raxpy_mpfr_kernel_openmp_01_mkII_STABLE_ROUNDING_FMA_FIXED_PRECISION_FASTPATH,5,0.047978100,416.856000,8.739,yes
OpenMP,kernel_openmp_01_mkII_STABLE_ROUNDING_FMA_FIXED_PRECISION_FASTPATH,Raxpy_mpfr_kernel_openmp_01_mkII_STABLE_ROUNDING_FMA_FIXED_PRECISION_FASTPATH,6,0.047634600,419.863000,8.649,yes
OpenMP,kernel_openmp_01_mkII_STABLE_ROUNDING_FMA_FIXED_PRECISION_FASTPATH,Raxpy_mpfr_kernel_openmp_01_mkII_STABLE_ROUNDING_FMA_FIXED_PRECISION_FASTPATH,7,0.048622700,411.331000,8.838,yes
OpenMP,kernel_openmp_01_mkII_STABLE_ROUNDING_FMA_FIXED_PRECISION_FASTPATH,Raxpy_mpfr_kernel_openmp_01_mkII_STABLE_ROUNDING_FMA_FIXED_PRECISION_FASTPATH,8,0.047617800,420.011000,8.653,yes
OpenMP,kernel_openmp_01_mkII_STABLE_ROUNDING_FMA_FIXED_PRECISION_FASTPATH,Raxpy_mpfr_kernel_openmp_01_mkII_STABLE_ROUNDING_FMA_FIXED_PRECISION_FASTPATH,9,0.049086800,407.442000,8.755,yes
OpenMP,kernel_openmp_01_mkII_STABLE_ROUNDING_FMA_FIXED_PRECISION_FASTPATH,Raxpy_mpfr_kernel_openmp_01_mkII_STABLE_ROUNDING_FMA_FIXED_PRECISION_FASTPATH,10,0.047833300,418.119000,8.704,yes
OpenMP,kernel_openmp_02_mkII,Raxpy_mpfr_kernel_openmp_02_mkII,1,0.049947800,400.418000,9.676,yes
OpenMP,kernel_openmp_02_mkII,Raxpy_mpfr_kernel_openmp_02_mkII,2,0.050158900,398.733000,9.563,yes
OpenMP,kernel_openmp_02_mkII,Raxpy_mpfr_kernel_openmp_02_mkII,3,0.050577800,395.430000,9.597,yes
OpenMP,kernel_openmp_02_mkII,Raxpy_mpfr_kernel_openmp_02_mkII,4,0.049657200,402.761000,9.709,yes
OpenMP,kernel_openmp_02_mkII,Raxpy_mpfr_kernel_openmp_02_mkII,5,0.050776300,393.884000,9.631,yes
OpenMP,kernel_openmp_02_mkII,Raxpy_mpfr_kernel_openmp_02_mkII,6,0.049940200,400.479000,9.536,yes
OpenMP,kernel_openmp_02_mkII,Raxpy_mpfr_kernel_openmp_02_mkII,7,0.050650000,394.866000,9.592,yes
OpenMP,kernel_openmp_02_mkII,Raxpy_mpfr_kernel_openmp_02_mkII,8,0.050801000,393.693000,9.594,yes
OpenMP,kernel_openmp_02_mkII,Raxpy_mpfr_kernel_openmp_02_mkII,9,0.049908400,400.734000,9.584,yes
OpenMP,kernel_openmp_02_mkII,Raxpy_mpfr_kernel_openmp_02_mkII,10,0.050739000,394.174000,9.584,yes
OpenMP,kernel_openmp_02_mkII_STABLE_ROUNDING,Raxpy_mpfr_kernel_openmp_02_mkII_STABLE_ROUNDING,1,0.051800300,386.098000,8.980,yes
OpenMP,kernel_openmp_02_mkII_STABLE_ROUNDING,Raxpy_mpfr_kernel_openmp_02_mkII_STABLE_ROUNDING,2,0.049525800,403.830000,8.925,yes
OpenMP,kernel_openmp_02_mkII_STABLE_ROUNDING,Raxpy_mpfr_kernel_openmp_02_mkII_STABLE_ROUNDING,3,0.049541700,403.700000,9.048,yes
OpenMP,kernel_openmp_02_mkII_STABLE_ROUNDING,Raxpy_mpfr_kernel_openmp_02_mkII_STABLE_ROUNDING,4,0.060334700,331.484000,8.979,yes
OpenMP,kernel_openmp_02_mkII_STABLE_ROUNDING,Raxpy_mpfr_kernel_openmp_02_mkII_STABLE_ROUNDING,5,0.050319600,397.460000,8.959,yes
OpenMP,kernel_openmp_02_mkII_STABLE_ROUNDING,Raxpy_mpfr_kernel_openmp_02_mkII_STABLE_ROUNDING,6,0.049454100,404.415000,9.008,yes
OpenMP,kernel_openmp_02_mkII_STABLE_ROUNDING,Raxpy_mpfr_kernel_openmp_02_mkII_STABLE_ROUNDING,7,0.050268600,397.863000,8.872,yes
OpenMP,kernel_openmp_02_mkII_STABLE_ROUNDING,Raxpy_mpfr_kernel_openmp_02_mkII_STABLE_ROUNDING,8,0.050126200,398.993000,8.920,yes
OpenMP,kernel_openmp_02_mkII_STABLE_ROUNDING,Raxpy_mpfr_kernel_openmp_02_mkII_STABLE_ROUNDING,9,0.053912800,370.969000,8.913,yes
OpenMP,kernel_openmp_02_mkII_STABLE_ROUNDING,Raxpy_mpfr_kernel_openmp_02_mkII_STABLE_ROUNDING,10,0.052530800,380.729000,8.948,yes
OpenMP,kernel_openmp_02_mkII_STABLE_ROUNDING_FMA,Raxpy_mpfr_kernel_openmp_02_mkII_STABLE_ROUNDING_FMA,1,0.050359800,397.143000,8.842,yes
OpenMP,kernel_openmp_02_mkII_STABLE_ROUNDING_FMA,Raxpy_mpfr_kernel_openmp_02_mkII_STABLE_ROUNDING_FMA,2,0.050640100,394.944000,8.763,yes
OpenMP,kernel_openmp_02_mkII_STABLE_ROUNDING_FMA,Raxpy_mpfr_kernel_openmp_02_mkII_STABLE_ROUNDING_FMA,3,0.049461100,404.358000,8.834,yes
OpenMP,kernel_openmp_02_mkII_STABLE_ROUNDING_FMA,Raxpy_mpfr_kernel_openmp_02_mkII_STABLE_ROUNDING_FMA,4,0.049085700,407.451000,8.870,yes
OpenMP,kernel_openmp_02_mkII_STABLE_ROUNDING_FMA,Raxpy_mpfr_kernel_openmp_02_mkII_STABLE_ROUNDING_FMA,5,0.049175500,406.706000,8.833,yes
OpenMP,kernel_openmp_02_mkII_STABLE_ROUNDING_FMA,Raxpy_mpfr_kernel_openmp_02_mkII_STABLE_ROUNDING_FMA,6,0.049426600,404.640000,8.768,yes
OpenMP,kernel_openmp_02_mkII_STABLE_ROUNDING_FMA,Raxpy_mpfr_kernel_openmp_02_mkII_STABLE_ROUNDING_FMA,7,0.049005200,408.120000,8.754,yes
OpenMP,kernel_openmp_02_mkII_STABLE_ROUNDING_FMA,Raxpy_mpfr_kernel_openmp_02_mkII_STABLE_ROUNDING_FMA,8,0.051392000,389.165000,8.853,yes
OpenMP,kernel_openmp_02_mkII_STABLE_ROUNDING_FMA,Raxpy_mpfr_kernel_openmp_02_mkII_STABLE_ROUNDING_FMA,9,0.050130000,398.963000,8.787,yes
OpenMP,kernel_openmp_02_mkII_STABLE_ROUNDING_FMA,Raxpy_mpfr_kernel_openmp_02_mkII_STABLE_ROUNDING_FMA,10,0.050158100,398.740000,8.828,yes
OpenMP,kernel_openmp_02_mkII_STABLE_ROUNDING_FMA_FIXED_PRECISION_FASTPATH,Raxpy_mpfr_kernel_openmp_02_mkII_STABLE_ROUNDING_FMA_FIXED_PRECISION_FASTPATH,1,0.052575600,380.405000,8.772,yes
OpenMP,kernel_openmp_02_mkII_STABLE_ROUNDING_FMA_FIXED_PRECISION_FASTPATH,Raxpy_mpfr_kernel_openmp_02_mkII_STABLE_ROUNDING_FMA_FIXED_PRECISION_FASTPATH,2,0.052511200,380.871000,8.767,yes
OpenMP,kernel_openmp_02_mkII_STABLE_ROUNDING_FMA_FIXED_PRECISION_FASTPATH,Raxpy_mpfr_kernel_openmp_02_mkII_STABLE_ROUNDING_FMA_FIXED_PRECISION_FASTPATH,3,0.052279200,382.561000,8.897,yes
OpenMP,kernel_openmp_02_mkII_STABLE_ROUNDING_FMA_FIXED_PRECISION_FASTPATH,Raxpy_mpfr_kernel_openmp_02_mkII_STABLE_ROUNDING_FMA_FIXED_PRECISION_FASTPATH,4,0.051639000,387.304000,8.817,yes
OpenMP,kernel_openmp_02_mkII_STABLE_ROUNDING_FMA_FIXED_PRECISION_FASTPATH,Raxpy_mpfr_kernel_openmp_02_mkII_STABLE_ROUNDING_FMA_FIXED_PRECISION_FASTPATH,5,0.050196500,398.434000,8.876,yes
OpenMP,kernel_openmp_02_mkII_STABLE_ROUNDING_FMA_FIXED_PRECISION_FASTPATH,Raxpy_mpfr_kernel_openmp_02_mkII_STABLE_ROUNDING_FMA_FIXED_PRECISION_FASTPATH,6,0.049501300,404.030000,8.785,yes
OpenMP,kernel_openmp_02_mkII_STABLE_ROUNDING_FMA_FIXED_PRECISION_FASTPATH,Raxpy_mpfr_kernel_openmp_02_mkII_STABLE_ROUNDING_FMA_FIXED_PRECISION_FASTPATH,7,0.049450500,404.445000,8.828,yes
OpenMP,kernel_openmp_02_mkII_STABLE_ROUNDING_FMA_FIXED_PRECISION_FASTPATH,Raxpy_mpfr_kernel_openmp_02_mkII_STABLE_ROUNDING_FMA_FIXED_PRECISION_FASTPATH,8,0.049670100,402.657000,8.824,yes
OpenMP,kernel_openmp_02_mkII_STABLE_ROUNDING_FMA_FIXED_PRECISION_FASTPATH,Raxpy_mpfr_kernel_openmp_02_mkII_STABLE_ROUNDING_FMA_FIXED_PRECISION_FASTPATH,9,0.051448700,388.737000,8.787,yes
OpenMP,kernel_openmp_02_mkII_STABLE_ROUNDING_FMA_FIXED_PRECISION_FASTPATH,Raxpy_mpfr_kernel_openmp_02_mkII_STABLE_ROUNDING_FMA_FIXED_PRECISION_FASTPATH,10,0.051928900,385.142000,8.837,yes
OpenMP,kernel_openmp_03_mkII,Raxpy_mpfr_kernel_openmp_03_mkII,1,0.051941800,385.046000,9.550,yes
OpenMP,kernel_openmp_03_mkII,Raxpy_mpfr_kernel_openmp_03_mkII,2,0.049779400,401.773000,9.587,yes
OpenMP,kernel_openmp_03_mkII,Raxpy_mpfr_kernel_openmp_03_mkII,3,0.049512800,403.936000,9.540,yes
OpenMP,kernel_openmp_03_mkII,Raxpy_mpfr_kernel_openmp_03_mkII,4,0.050491500,396.106000,9.498,yes
OpenMP,kernel_openmp_03_mkII,Raxpy_mpfr_kernel_openmp_03_mkII,5,0.049367400,405.126000,9.529,yes
OpenMP,kernel_openmp_03_mkII,Raxpy_mpfr_kernel_openmp_03_mkII,6,0.051617800,387.463000,9.528,yes
OpenMP,kernel_openmp_03_mkII,Raxpy_mpfr_kernel_openmp_03_mkII,7,0.053660700,372.712000,9.510,yes
OpenMP,kernel_openmp_03_mkII,Raxpy_mpfr_kernel_openmp_03_mkII,8,0.050424600,396.632000,9.480,yes
OpenMP,kernel_openmp_03_mkII,Raxpy_mpfr_kernel_openmp_03_mkII,9,0.049877900,400.979000,9.583,yes
OpenMP,kernel_openmp_03_mkII,Raxpy_mpfr_kernel_openmp_03_mkII,10,0.049532300,403.777000,9.554,yes
OpenMP,kernel_openmp_03_mkII_STABLE_ROUNDING,Raxpy_mpfr_kernel_openmp_03_mkII_STABLE_ROUNDING,1,0.049692900,402.472000,8.959,yes
OpenMP,kernel_openmp_03_mkII_STABLE_ROUNDING,Raxpy_mpfr_kernel_openmp_03_mkII_STABLE_ROUNDING,2,0.049004800,408.123000,8.975,yes
OpenMP,kernel_openmp_03_mkII_STABLE_ROUNDING,Raxpy_mpfr_kernel_openmp_03_mkII_STABLE_ROUNDING,3,0.049043000,407.805000,8.973,yes
OpenMP,kernel_openmp_03_mkII_STABLE_ROUNDING,Raxpy_mpfr_kernel_openmp_03_mkII_STABLE_ROUNDING,4,0.049047300,407.770000,8.931,yes
OpenMP,kernel_openmp_03_mkII_STABLE_ROUNDING,Raxpy_mpfr_kernel_openmp_03_mkII_STABLE_ROUNDING,5,0.049658500,402.751000,8.965,yes
OpenMP,kernel_openmp_03_mkII_STABLE_ROUNDING,Raxpy_mpfr_kernel_openmp_03_mkII_STABLE_ROUNDING,6,0.050526500,395.832000,8.938,yes
OpenMP,kernel_openmp_03_mkII_STABLE_ROUNDING,Raxpy_mpfr_kernel_openmp_03_mkII_STABLE_ROUNDING,7,0.051086600,391.492000,8.937,yes
OpenMP,kernel_openmp_03_mkII_STABLE_ROUNDING,Raxpy_mpfr_kernel_openmp_03_mkII_STABLE_ROUNDING,8,0.048434300,412.930000,8.968,yes
OpenMP,kernel_openmp_03_mkII_STABLE_ROUNDING,Raxpy_mpfr_kernel_openmp_03_mkII_STABLE_ROUNDING,9,0.048441300,412.871000,9.020,yes
OpenMP,kernel_openmp_03_mkII_STABLE_ROUNDING,Raxpy_mpfr_kernel_openmp_03_mkII_STABLE_ROUNDING,10,0.049188000,406.604000,9.015,yes
OpenMP,kernel_openmp_03_mkII_STABLE_ROUNDING_FMA,Raxpy_mpfr_kernel_openmp_03_mkII_STABLE_ROUNDING_FMA,1,0.051218000,390.488000,8.885,yes
OpenMP,kernel_openmp_03_mkII_STABLE_ROUNDING_FMA,Raxpy_mpfr_kernel_openmp_03_mkII_STABLE_ROUNDING_FMA,2,0.051399300,389.111000,8.794,yes
OpenMP,kernel_openmp_03_mkII_STABLE_ROUNDING_FMA,Raxpy_mpfr_kernel_openmp_03_mkII_STABLE_ROUNDING_FMA,3,0.049683300,402.550000,8.828,yes
OpenMP,kernel_openmp_03_mkII_STABLE_ROUNDING_FMA,Raxpy_mpfr_kernel_openmp_03_mkII_STABLE_ROUNDING_FMA,4,0.053711300,372.361000,8.697,yes
OpenMP,kernel_openmp_03_mkII_STABLE_ROUNDING_FMA,Raxpy_mpfr_kernel_openmp_03_mkII_STABLE_ROUNDING_FMA,5,0.051435800,388.835000,8.722,yes
OpenMP,kernel_openmp_03_mkII_STABLE_ROUNDING_FMA,Raxpy_mpfr_kernel_openmp_03_mkII_STABLE_ROUNDING_FMA,6,0.049371300,405.094000,8.771,yes
OpenMP,kernel_openmp_03_mkII_STABLE_ROUNDING_FMA,Raxpy_mpfr_kernel_openmp_03_mkII_STABLE_ROUNDING_FMA,7,0.051515600,388.232000,8.802,yes
OpenMP,kernel_openmp_03_mkII_STABLE_ROUNDING_FMA,Raxpy_mpfr_kernel_openmp_03_mkII_STABLE_ROUNDING_FMA,8,0.048404200,413.187000,8.799,yes
OpenMP,kernel_openmp_03_mkII_STABLE_ROUNDING_FMA,Raxpy_mpfr_kernel_openmp_03_mkII_STABLE_ROUNDING_FMA,9,0.049111300,407.239000,8.819,yes
OpenMP,kernel_openmp_03_mkII_STABLE_ROUNDING_FMA,Raxpy_mpfr_kernel_openmp_03_mkII_STABLE_ROUNDING_FMA,10,0.049923400,400.614000,8.773,yes
OpenMP,kernel_openmp_03_mkII_STABLE_ROUNDING_FMA_FIXED_PRECISION_FASTPATH,Raxpy_mpfr_kernel_openmp_03_mkII_STABLE_ROUNDING_FMA_FIXED_PRECISION_FASTPATH,1,0.048794400,409.883000,8.768,yes
OpenMP,kernel_openmp_03_mkII_STABLE_ROUNDING_FMA_FIXED_PRECISION_FASTPATH,Raxpy_mpfr_kernel_openmp_03_mkII_STABLE_ROUNDING_FMA_FIXED_PRECISION_FASTPATH,2,0.048726200,410.457000,8.745,yes
OpenMP,kernel_openmp_03_mkII_STABLE_ROUNDING_FMA_FIXED_PRECISION_FASTPATH,Raxpy_mpfr_kernel_openmp_03_mkII_STABLE_ROUNDING_FMA_FIXED_PRECISION_FASTPATH,3,0.050394600,396.868000,8.766,yes
OpenMP,kernel_openmp_03_mkII_STABLE_ROUNDING_FMA_FIXED_PRECISION_FASTPATH,Raxpy_mpfr_kernel_openmp_03_mkII_STABLE_ROUNDING_FMA_FIXED_PRECISION_FASTPATH,4,0.050169200,398.651000,8.794,yes
OpenMP,kernel_openmp_03_mkII_STABLE_ROUNDING_FMA_FIXED_PRECISION_FASTPATH,Raxpy_mpfr_kernel_openmp_03_mkII_STABLE_ROUNDING_FMA_FIXED_PRECISION_FASTPATH,5,0.048923500,408.802000,8.762,yes
OpenMP,kernel_openmp_03_mkII_STABLE_ROUNDING_FMA_FIXED_PRECISION_FASTPATH,Raxpy_mpfr_kernel_openmp_03_mkII_STABLE_ROUNDING_FMA_FIXED_PRECISION_FASTPATH,6,0.049305700,405.632000,8.780,yes
OpenMP,kernel_openmp_03_mkII_STABLE_ROUNDING_FMA_FIXED_PRECISION_FASTPATH,Raxpy_mpfr_kernel_openmp_03_mkII_STABLE_ROUNDING_FMA_FIXED_PRECISION_FASTPATH,7,0.049410000,404.776000,8.778,yes
OpenMP,kernel_openmp_03_mkII_STABLE_ROUNDING_FMA_FIXED_PRECISION_FASTPATH,Raxpy_mpfr_kernel_openmp_03_mkII_STABLE_ROUNDING_FMA_FIXED_PRECISION_FASTPATH,8,0.050508200,395.976000,8.799,yes
OpenMP,kernel_openmp_03_mkII_STABLE_ROUNDING_FMA_FIXED_PRECISION_FASTPATH,Raxpy_mpfr_kernel_openmp_03_mkII_STABLE_ROUNDING_FMA_FIXED_PRECISION_FASTPATH,9,0.049379100,405.030000,8.831,yes
OpenMP,kernel_openmp_03_mkII_STABLE_ROUNDING_FMA_FIXED_PRECISION_FASTPATH,Raxpy_mpfr_kernel_openmp_03_mkII_STABLE_ROUNDING_FMA_FIXED_PRECISION_FASTPATH,10,0.049489400,404.127000,8.697,yes
OpenMP,kernel_openmp_04_mkII,Raxpy_mpfr_kernel_openmp_04_mkII,1,0.052257200,382.723000,9.553,yes
OpenMP,kernel_openmp_04_mkII,Raxpy_mpfr_kernel_openmp_04_mkII,2,0.052215000,383.032000,9.555,yes
OpenMP,kernel_openmp_04_mkII,Raxpy_mpfr_kernel_openmp_04_mkII,3,0.050647500,394.886000,9.590,yes
OpenMP,kernel_openmp_04_mkII,Raxpy_mpfr_kernel_openmp_04_mkII,4,0.051944900,385.023000,9.561,yes
OpenMP,kernel_openmp_04_mkII,Raxpy_mpfr_kernel_openmp_04_mkII,5,0.053924500,370.889000,9.556,yes
OpenMP,kernel_openmp_04_mkII,Raxpy_mpfr_kernel_openmp_04_mkII,6,0.053254800,375.553000,9.565,yes
OpenMP,kernel_openmp_04_mkII,Raxpy_mpfr_kernel_openmp_04_mkII,7,0.051609100,387.528000,9.573,yes
OpenMP,kernel_openmp_04_mkII,Raxpy_mpfr_kernel_openmp_04_mkII,8,0.051798300,386.113000,9.626,yes
OpenMP,kernel_openmp_04_mkII,Raxpy_mpfr_kernel_openmp_04_mkII,9,0.051266000,390.122000,9.561,yes
OpenMP,kernel_openmp_04_mkII,Raxpy_mpfr_kernel_openmp_04_mkII,10,0.054020400,370.230000,9.521,yes
OpenMP,kernel_openmp_04_mkII_STABLE_ROUNDING,Raxpy_mpfr_kernel_openmp_04_mkII_STABLE_ROUNDING,1,0.052904400,378.040000,8.986,yes
OpenMP,kernel_openmp_04_mkII_STABLE_ROUNDING,Raxpy_mpfr_kernel_openmp_04_mkII_STABLE_ROUNDING,2,0.052590300,380.298000,8.984,yes
OpenMP,kernel_openmp_04_mkII_STABLE_ROUNDING,Raxpy_mpfr_kernel_openmp_04_mkII_STABLE_ROUNDING,3,0.049959200,400.326000,8.955,yes
OpenMP,kernel_openmp_04_mkII_STABLE_ROUNDING,Raxpy_mpfr_kernel_openmp_04_mkII_STABLE_ROUNDING,4,0.051432400,388.860000,8.926,yes
OpenMP,kernel_openmp_04_mkII_STABLE_ROUNDING,Raxpy_mpfr_kernel_openmp_04_mkII_STABLE_ROUNDING,5,0.054197500,369.021000,8.908,yes
OpenMP,kernel_openmp_04_mkII_STABLE_ROUNDING,Raxpy_mpfr_kernel_openmp_04_mkII_STABLE_ROUNDING,6,0.051133400,391.134000,8.952,yes
OpenMP,kernel_openmp_04_mkII_STABLE_ROUNDING,Raxpy_mpfr_kernel_openmp_04_mkII_STABLE_ROUNDING,7,0.049754100,401.977000,8.925,yes
OpenMP,kernel_openmp_04_mkII_STABLE_ROUNDING,Raxpy_mpfr_kernel_openmp_04_mkII_STABLE_ROUNDING,8,0.053069400,376.865000,8.967,yes
OpenMP,kernel_openmp_04_mkII_STABLE_ROUNDING,Raxpy_mpfr_kernel_openmp_04_mkII_STABLE_ROUNDING,9,0.051617900,387.462000,8.921,yes
OpenMP,kernel_openmp_04_mkII_STABLE_ROUNDING,Raxpy_mpfr_kernel_openmp_04_mkII_STABLE_ROUNDING,10,0.050441000,396.503000,8.952,yes
OpenMP,kernel_openmp_04_mkII_STABLE_ROUNDING_FMA,Raxpy_mpfr_kernel_openmp_04_mkII_STABLE_ROUNDING_FMA,1,0.051791700,386.162000,8.760,yes
OpenMP,kernel_openmp_04_mkII_STABLE_ROUNDING_FMA,Raxpy_mpfr_kernel_openmp_04_mkII_STABLE_ROUNDING_FMA,2,0.050758300,394.024000,8.769,yes
OpenMP,kernel_openmp_04_mkII_STABLE_ROUNDING_FMA,Raxpy_mpfr_kernel_openmp_04_mkII_STABLE_ROUNDING_FMA,3,0.052815400,378.677000,8.767,yes
OpenMP,kernel_openmp_04_mkII_STABLE_ROUNDING_FMA,Raxpy_mpfr_kernel_openmp_04_mkII_STABLE_ROUNDING_FMA,4,0.058622500,341.166000,8.850,yes
OpenMP,kernel_openmp_04_mkII_STABLE_ROUNDING_FMA,Raxpy_mpfr_kernel_openmp_04_mkII_STABLE_ROUNDING_FMA,5,0.056144600,356.223000,8.845,yes
OpenMP,kernel_openmp_04_mkII_STABLE_ROUNDING_FMA,Raxpy_mpfr_kernel_openmp_04_mkII_STABLE_ROUNDING_FMA,6,0.050609800,395.181000,8.758,yes
OpenMP,kernel_openmp_04_mkII_STABLE_ROUNDING_FMA,Raxpy_mpfr_kernel_openmp_04_mkII_STABLE_ROUNDING_FMA,7,0.051456500,388.678000,8.808,yes
OpenMP,kernel_openmp_04_mkII_STABLE_ROUNDING_FMA,Raxpy_mpfr_kernel_openmp_04_mkII_STABLE_ROUNDING_FMA,8,0.051921800,385.194000,8.807,yes
OpenMP,kernel_openmp_04_mkII_STABLE_ROUNDING_FMA,Raxpy_mpfr_kernel_openmp_04_mkII_STABLE_ROUNDING_FMA,9,0.050569500,395.495000,8.829,yes
OpenMP,kernel_openmp_04_mkII_STABLE_ROUNDING_FMA,Raxpy_mpfr_kernel_openmp_04_mkII_STABLE_ROUNDING_FMA,10,0.052089400,383.955000,8.787,yes
OpenMP,kernel_openmp_04_mkII_STABLE_ROUNDING_FMA_FIXED_PRECISION_FASTPATH,Raxpy_mpfr_kernel_openmp_04_mkII_STABLE_ROUNDING_FMA_FIXED_PRECISION_FASTPATH,1,0.052587300,380.320000,8.787,yes
OpenMP,kernel_openmp_04_mkII_STABLE_ROUNDING_FMA_FIXED_PRECISION_FASTPATH,Raxpy_mpfr_kernel_openmp_04_mkII_STABLE_ROUNDING_FMA_FIXED_PRECISION_FASTPATH,2,0.050488200,396.132000,8.871,yes
OpenMP,kernel_openmp_04_mkII_STABLE_ROUNDING_FMA_FIXED_PRECISION_FASTPATH,Raxpy_mpfr_kernel_openmp_04_mkII_STABLE_ROUNDING_FMA_FIXED_PRECISION_FASTPATH,3,0.050834600,393.433000,8.844,yes
OpenMP,kernel_openmp_04_mkII_STABLE_ROUNDING_FMA_FIXED_PRECISION_FASTPATH,Raxpy_mpfr_kernel_openmp_04_mkII_STABLE_ROUNDING_FMA_FIXED_PRECISION_FASTPATH,4,0.050074200,399.407000,8.799,yes
OpenMP,kernel_openmp_04_mkII_STABLE_ROUNDING_FMA_FIXED_PRECISION_FASTPATH,Raxpy_mpfr_kernel_openmp_04_mkII_STABLE_ROUNDING_FMA_FIXED_PRECISION_FASTPATH,5,0.051338700,389.570000,8.877,yes
OpenMP,kernel_openmp_04_mkII_STABLE_ROUNDING_FMA_FIXED_PRECISION_FASTPATH,Raxpy_mpfr_kernel_openmp_04_mkII_STABLE_ROUNDING_FMA_FIXED_PRECISION_FASTPATH,6,0.053547800,373.498000,8.743,yes
OpenMP,kernel_openmp_04_mkII_STABLE_ROUNDING_FMA_FIXED_PRECISION_FASTPATH,Raxpy_mpfr_kernel_openmp_04_mkII_STABLE_ROUNDING_FMA_FIXED_PRECISION_FASTPATH,7,0.050054500,399.565000,8.828,yes
OpenMP,kernel_openmp_04_mkII_STABLE_ROUNDING_FMA_FIXED_PRECISION_FASTPATH,Raxpy_mpfr_kernel_openmp_04_mkII_STABLE_ROUNDING_FMA_FIXED_PRECISION_FASTPATH,8,0.050687700,394.573000,8.848,yes
OpenMP,kernel_openmp_04_mkII_STABLE_ROUNDING_FMA_FIXED_PRECISION_FASTPATH,Raxpy_mpfr_kernel_openmp_04_mkII_STABLE_ROUNDING_FMA_FIXED_PRECISION_FASTPATH,9,0.050191700,398.472000,8.784,yes
OpenMP,kernel_openmp_04_mkII_STABLE_ROUNDING_FMA_FIXED_PRECISION_FASTPATH,Raxpy_mpfr_kernel_openmp_04_mkII_STABLE_ROUNDING_FMA_FIXED_PRECISION_FASTPATH,10,0.050525600,395.839000,8.779,yes
OpenMP,kernel_openmp_05_mkII,Raxpy_mpfr_kernel_openmp_05_mkII,1,0.049741200,402.081000,9.618,yes
OpenMP,kernel_openmp_05_mkII,Raxpy_mpfr_kernel_openmp_05_mkII,2,0.050723000,394.298000,9.535,yes
OpenMP,kernel_openmp_05_mkII,Raxpy_mpfr_kernel_openmp_05_mkII,3,0.049472000,404.269000,9.551,yes
OpenMP,kernel_openmp_05_mkII,Raxpy_mpfr_kernel_openmp_05_mkII,4,0.054245100,368.697000,9.600,yes
OpenMP,kernel_openmp_05_mkII,Raxpy_mpfr_kernel_openmp_05_mkII,5,0.050592100,395.318000,9.593,yes
OpenMP,kernel_openmp_05_mkII,Raxpy_mpfr_kernel_openmp_05_mkII,6,0.051267600,390.110000,9.574,yes
OpenMP,kernel_openmp_05_mkII,Raxpy_mpfr_kernel_openmp_05_mkII,7,0.051591900,387.658000,9.588,yes
OpenMP,kernel_openmp_05_mkII,Raxpy_mpfr_kernel_openmp_05_mkII,8,0.052813900,378.688000,9.562,yes
OpenMP,kernel_openmp_05_mkII,Raxpy_mpfr_kernel_openmp_05_mkII,9,0.050359600,397.144000,9.588,yes
OpenMP,kernel_openmp_05_mkII,Raxpy_mpfr_kernel_openmp_05_mkII,10,0.050398500,396.837000,9.573,yes
OpenMP,kernel_openmp_05_mkII_FMA,Raxpy_mpfr_kernel_openmp_05_mkII_FMA,1,0.047956900,417.041000,9.384,yes
OpenMP,kernel_openmp_05_mkII_FMA,Raxpy_mpfr_kernel_openmp_05_mkII_FMA,2,0.047516700,420.905000,9.356,yes
OpenMP,kernel_openmp_05_mkII_FMA,Raxpy_mpfr_kernel_openmp_05_mkII_FMA,3,0.048438800,412.892000,9.455,yes
OpenMP,kernel_openmp_05_mkII_FMA,Raxpy_mpfr_kernel_openmp_05_mkII_FMA,4,0.047814000,418.287000,9.366,yes
OpenMP,kernel_openmp_05_mkII_FMA,Raxpy_mpfr_kernel_openmp_05_mkII_FMA,5,0.051126600,391.186000,9.431,yes
OpenMP,kernel_openmp_05_mkII_FMA,Raxpy_mpfr_kernel_openmp_05_mkII_FMA,6,0.047760800,418.753000,9.365,yes
OpenMP,kernel_openmp_05_mkII_FMA,Raxpy_mpfr_kernel_openmp_05_mkII_FMA,7,0.047413800,421.818000,9.391,yes
OpenMP,kernel_openmp_05_mkII_FMA,Raxpy_mpfr_kernel_openmp_05_mkII_FMA,8,0.047691000,419.367000,9.376,yes
OpenMP,kernel_openmp_05_mkII_FMA,Raxpy_mpfr_kernel_openmp_05_mkII_FMA,9,0.049002000,408.146000,9.407,yes
OpenMP,kernel_openmp_05_mkII_FMA,Raxpy_mpfr_kernel_openmp_05_mkII_FMA,10,0.049576300,403.418000,9.407,yes
OpenMP,kernel_openmp_06_mkII,Raxpy_mpfr_kernel_openmp_06_mkII,1,0.049140700,406.994000,9.482,yes
OpenMP,kernel_openmp_06_mkII,Raxpy_mpfr_kernel_openmp_06_mkII,2,0.049253200,406.065000,9.542,yes
OpenMP,kernel_openmp_06_mkII,Raxpy_mpfr_kernel_openmp_06_mkII,3,0.048511200,412.276000,9.500,yes
OpenMP,kernel_openmp_06_mkII,Raxpy_mpfr_kernel_openmp_06_mkII,4,0.049710500,402.329000,9.557,yes
OpenMP,kernel_openmp_06_mkII,Raxpy_mpfr_kernel_openmp_06_mkII,5,0.049562000,403.535000,9.548,yes
OpenMP,kernel_openmp_06_mkII,Raxpy_mpfr_kernel_openmp_06_mkII,6,0.049242600,406.152000,9.772,yes
OpenMP,kernel_openmp_06_mkII,Raxpy_mpfr_kernel_openmp_06_mkII,7,0.049467600,404.305000,9.479,yes
OpenMP,kernel_openmp_06_mkII,Raxpy_mpfr_kernel_openmp_06_mkII,8,0.048960100,408.496000,9.515,yes
OpenMP,kernel_openmp_06_mkII,Raxpy_mpfr_kernel_openmp_06_mkII,9,0.048790100,409.919000,9.707,yes
OpenMP,kernel_openmp_06_mkII,Raxpy_mpfr_kernel_openmp_06_mkII,10,0.048836200,409.532000,9.393,yes
